Français,Anglais,Type
Rouge,Red,
Bleu,Blue,
Jaune,Yellow,
Vert,Green,
Or,Gold,
Argent,Silver,
Cristal,Crystal,
Rubis,Ruby,
Saphir,Sapphire,
Emeraude,Emerald,
Rouge-Feu,FireRed,
Vert-Feuille,LeafGreen,
Diamant,Diamond,
Perle,Pearl,
Platine,Platinum,
Or HeartGold,HeartGold,
Argent SoulSilver,SoulSilver,
Noir,Black,
Blanc,White,
Noir2,Black2,
Blanc2,White2,
X,X,
Y,Y,
Rubis Oméga,Omega Ruby,
Saphir Alpha,Alpha Sapphire,
Soleil,Sun,
Lune,Moon,
UltraSoleil,UltraSun,
UltraLune,UltraMoon,
Let's Go Evoli,Let's Go Eevee,
Let's Go Pikachu,Let's Go Pikachu,
Epée,Sword,
Bouclier,Shield,
Légendes : Arceus,Legends: Arceus,
Diamant Etincelant,Brilliant Diamond,
Perle Scintillante,Shining Pearl,
Ecarlate,Scarlet,
Violet,Violet,
Légendes : Z-A,Legends: ZA,
GO,GO,
Sleep,Sleep,
En cours,Ongoing,
En pause,On hold,
Oeuf,Egg,
Fuites,Run,
Pêche,Fishing,
Forme A,,
Forme B,,
Forme C,,
Forme D,,
Forme E,,
Forme F,,
Forme G,,
Forme H,,
Forme I,,
Forme J,,
Forme K,,
Forme L,,
Forme M,,
Forme N,,
Forme O,,
Forme P,,
Forme Q,,
Forme R,,
Forme S,,
Forme T,,
Forme U,,
Forme V,,
Forme W,,
Forme X,,
Forme Y,,
Forme Z,,
Forme !,,
Forme ?,? Form,
Motif Blizzard,Icy Snow Pattern,
Motif Banquise,Polar Pattern,
Motif Glace,Tundra Pattern,
Motif Continent,Continental Pattern,
Motif Verdure,Garden Pattern,
Motif Monarchie,Elegant Pattern,
Motif Floraison,Meadow Pattern,
Motif Métropole,Modern Pattern,
Motif Rivage,Marine Pattern,
Motif Archipel,Archipelago Pattern,
Motif Sécheresse,High Plains Pattern,
Motif Sable,Sandstorm Pattern,
Motif Delta,River Pattern,
Motif Cyclone,Monsoon Pattern,
Motif Mangrove,Savanna Pattern,
Motif Zénith,Sun Pattern,
Motif Soleil Levant,Ocean Pattern,
Motif Jungle,Jungle Pattern,
Motif Fantasie,Fancy Pattern,
Motif Poké Ball,Poké Ball Pattern,
Forme d'Alola,Alolan Form,
Forme de Galar,Galarian Form,
Forme de Hisui,Hisuian Form,
Forme de Paldea,Paldea Form,
Oui,Yes,
Aléatoire,Random,
Oeufs Masuda,Masuda Eggs,
Poké Radar,Poké Radar,
Poké Radar Taux Plein,Full Rate Poké Radar,
Charme Chroma,Shiny Charm,
Rencontres,Encounters,
Surf,Surfing,
Troupeau,Swarm,
Pêche,Fishing,
Canne,Old Rod,
Hard Resets,Hard Resets,
Soft Resets,Soft Resets,
Safari des Amis,Friend Safari,
Méga Canne,Super Rod,
Super Canne,Good Rod,
Intrusion,SOS Battle,
Apparition massive de Pokémon,Mass Outbreak,
Oeufs,Eggs,
Poké,Poké,
Super,Great,
Hyper,Ultra,
Honor,Premier,
Sombre,Dusk,
Filet,Net,
Scuba,Dive,
Rapide,Quick,
Soin,Heal,
Luxe,Luxury,
Compét',Sport,
Bis,Repeat,
Faiblo,Nest,
Chrono,Timer,
Safari,Safari,
Mâle,Male,
Femelle,Female,
Hardi,Hardy,
Solo,Lonely,
Brave,Brave,
Rigide,Adamant,
Mauvais,Naughty,
Assuré,Bold,
Docile,Docile,
Relax,Relaxed,
Malin,Impish,
Lâche,Lax,
Timide,Timid,
Pressé,Hasty,
Sérieux,Serious,
Jovial,Jolly,
Naïf,Naive,
Modeste,Modest,
Doux,Mild,
Discret,Quiet,
Pudique,Bashful,
Foufou,Rash,
Calme,Calm,
Gentil,Gentle,
Malpoli,Sassy,
Prudent,Careful,
Bizarre,Quirky,
Il adore manger.,It loves to eat!,
Il s'assoupit souvent.,It takes plenty of siestas!,
Il dort beaucoup.,It nods off a lot!,
Il éparpille souvent les choses.,It scatters things often!,
Il aime se détendre.,It likes to relax!,
Il est fier de sa puissance.,It's proud of its power!,
Il aime se démener.,It likes to thrash about!,
Il est un peu coléreux.,It's a little quick tempered!,
Il aime combattre.,It likes to fight!,
Il s'emporte facilement.,It's quick tempered!,
Il a un corps robuste.,It has a sturdy body!,
Il sait encaisser les coups.,It's capable of taking hits!,
Il est très obstiné.,It's highly persistent!,
Il a une bonne endurance.,It has good endurance!,
Il est persévérant.,It has good perseverance!,
Il aime la vitesse.,It likes to run!,
Il est attentif aux sons.,It's alert to sounds!,
Il est bête et impulsif.,It's impetuous and silly!,
Il aime faire le pitre.,It's somewhat of a clown!,
Il fuit rapidement.,It's quick to flee!,
Il est extrêmement curieux.,It's highly curious!,
Il est coquin.,It's mischievous!,
Il est très astucieux.,It's thoroughly cunning!,
Il est souvent dans la lune.,It's often lost in thought!,
Il est très particulier.,It's very finicky!,
Il est très volontaire.,It's strong willed!,
Il est un peu vaniteux.,It's somewhat vain!,
Il a l'esprit rebelle.,It's strongly defiant!,
Il a horreur de perdre.,It hates to lose!,
Il est assez entêté.,It's somewhat stubborn!,
Cran,Guts,Talent
Tête de Roc,Rock Head,Talent
Intimidation,Intimidate,Talent
Lévitation,Levitate,Talent
Agitation,Hustle,Talent
Engrais,Overgrow,Talent
Inconscient,Unaware,Talent
Écran Poudre,Shield Dust,Talent
Luminescence,Illuminate,Talent
Brasier,Blaze,Talent
Joliberges,Canalave City,Sinnoh
Vestigion,Eterna City,Sinnoh
Verchamps,Pastoria City,Sinnoh
Rivamar,Sunyshore City,Sinnoh
Ligue Pokémon,Pokémon League,Sinnoh
Mine Charbourg,Oreburgh Mine,Sinnoh
Les Eoliennes,Valley Windworks,Sinnoh
Forêt Vestigion,Eterna Forest,Sinnoh
Forge Fuego,Fuego Ironworks,Sinnoh
Mont Couronné,Mt. Coronet,Sinnoh
Grand Marais,Great Marsh,Sinnoh
Ruines Bonville,Solaceon Ruins,Sinnoh
Route Victoire,Victory Road,Sinnoh
Chemin Rocheux,Ravaged Path,Sinnoh
Entrée Charbourg,Oreburgh Gate,Sinnoh
Mont Abrupt,Stark Mountain,Sinnoh
Chemin Source,Spring Path,Sinnoh
Grotte Retour,Turnback Cave,Sinnoh
Temple Frimapic,Snowpoint Temple,Sinnoh
Grotte Revèche,Wayward Cave,Sinnoh
Grotte Ruinem.,Ruin Maniac Cave,Sinnoh
Jardin Trophée,Trophy Garden,Sinnoh
Ile de Fer,Iron Island,Sinnoh
Vieux Château,Old Chateau,Sinnoh
Lac Vérité,Lake Verity,Sinnoh
Lac Courage,Lake Valor,Sinnoh
Lac Savoir,Lake Acuity,Sinnoh
Rive Lac Courage,Valor Lakefront,Sinnoh
Rive Lac Savoir,Acuity Lakefront,Sinnoh
Route 201,Route 201,Sinnoh
Route 202,Route 202,Sinnoh
Route 203,Route 203,Sinnoh
Route 204,Route 204,Sinnoh
Route 205,Route 205,Sinnoh
Route 206,Route 206,Sinnoh
Route 207,Route 207,Sinnoh
Route 208,Route 208,Sinnoh
Route 209,Route 209,Sinnoh
Tour Perdue,Lost Tower,Sinnoh
Route 210,Route 210,Sinnoh
Route 211,Route 211,Sinnoh
Route 212,Route 212,Sinnoh
Route 213,Route 213,Sinnoh
Route 214,Route 214,Sinnoh
Route 215,Route 215,Sinnoh
Route 216,Route 216,Sinnoh
Route 217,Route 217,Sinnoh
Route 218,Route 218,Sinnoh
Route 219,Route 219,Sinnoh
Route 221,Route 221,Sinnoh
Route 222,Route 222,Sinnoh
Route 224,Route 224,Sinnoh
Route 225,Route 225,Sinnoh
Route 227,Route 227,Sinnoh
Route 228,Route 228,Sinnoh
Route 229,Route 229,Sinnoh
Bonaugure,Twinleaf Town,Sinnoh
Célestia,Celestic Town,Sinnoh
Aire de Détente,Resort Area,Sinnoh
Chenal 220,Sea Route 220,Sinnoh
Chenal 223,Sea Route 223,Sinnoh
Chenal 226,Sea Route 226,Sinnoh
Chenal 230,Sea Route 230,Sinnoh
Ebènelle,Blackthorn City,Johto
Tour Cendrée,Burned Tower,Johto
Céladopole,Celadon City,Kanto
Azuria,Cerulean City,Kanto
Ville Griotte,Cherrygrove City,Johto
Irisia,Cianwood City,Johto
Cramois'Ile,Cinnabar Island,Kanto
Antre Noir,Dark Cave,Johto
Cave TAUPIQUEUR,Diglett's Cave,Kanto
Antre du Dragon,Dragon's Den,Johto
Rosalia,Ecruteak City,Johto
Parmanie,Fuchsia City,Kanto
Route de Glace,Ice Path,Johto
Bois aux Chênes,Ilex Forest,Johto
Lac Colère,Lake of Rage,Johto
Mont Sélénite,Mt. Moon,Kanto
Mont Creuset,Mt. Mortar,Johto
Mont Argenté,Mt. Silver,Johto
Parc Naturel,National Park,Johto
Bourg Geon,New Bark Town,Johto
Oliville,Olivine City,Johto
Bourg Palette,Pallet Town,Kanto
Grotte,Rock Tunnel,Kanto
Route 1,Route 1,Kanto
Route 10,Route 10,Kanto
Route 11,Route 11,Kanto
Route 12,Route 12,Kanto
Route 13,Route 13,Kanto
Route 14,Route 14,Kanto
Route 15,Route 15,Kanto
Route 16,Route 16,Kanto
Route 17,Route 17,Kanto
Route 18,Route 18,Kanto
Chenal 19,Sea Route 19,Kanto
Route 2,Route 2,Kanto
Chenal 20,Sea Route 20,Kanto
Chenal 21,Sea Route 21,Kanto
Route 22,Route 22,Kanto
Route 24,Route 24,Kanto
Route 25,Route 25,Kanto
Route 26,Route 26,Kanto
Route 27,Route 27,Kanto
Route 28,Route 28,Kanto
Route 29,Route 29,Johto
Route 3,Route 3,Kanto
Route 30,Route 30,Johto
Route 31,Route 31,Johto
Route 32,Route 32,Johto
Route 33,Route 33,Johto
Route 34,Route 34,Johto
Route 35,Route 35,Johto
Route 36,Route 36,Johto
Route 37,Route 37,Johto
Route 38,Route 38,Johto
Route 39,Route 39,Johto
Route 4,Route 4,Kanto
Chenal 40,Sea Route 40,Johto
Chenal 41,Sea Route 41,Johto
Route 42,Route 42,Johto
Route 43,Route 43,Johto
Route 44,Route 44,Johto
Route 45,Route 45,Johto
Route 46,Route 46,Johto
Route 47,Route 47,Johto
Route 48,Route 48,Johto
Route 5,Route 5,Kanto
Route 6,Route 6,Kanto
Route 7,Route 7,Kanto
Route 8,Route 8,Kanto
Route 9,Route 9,Kanto
Ruines d'Alpha,Ruins of Alph,Johto
Iles Ecume,Seafoam Islands,Kanto
Tour CHETIFLOR,Sprout Tower,Johto
Tour Carillon,Bell Tower,Johto
Chutes Tohjo,Tohjo Falls,Johto
Caves Jumelles,Union Cave,Johto
Caverne Azurée,Cerulean Cave,Kanto
Inconnu; que des Ptitard,Unknown; all Poliwag,Johto
Inconnu; que des Rattata,Unknown; all Rattata,Johto
Inconnu; que des insectes,Unknown; all bugs,Johto
Carmin sur Mer,Vermilion City,Kanto
Route Victoire,Victory Road,Kanto
Mauville,Violet City,Johto
Forêt de Jade,Viridian Forest,Kanto
Tourb'Iles,Whirl Islands,Johto
Route 23,Route 23,Kanto
Centrale,Kanto Power Plant,Kanto
Route Victoire,Victory Road,Kanto
Tour Pokémon,Pokémon Tower,Kanto
Manoir Pokémon,Pokémon Mansion,Kanto
Parc Safari,Safari Zone,Kanto
Littorella,Sandgem Town,Sinnoh
Floraville,Floaroma Town,Sinnoh
Bonville,Solaceon Town,Sinnoh
Féli-Cité,Jubilife City,Sinnoh
Charbourg,Oreburgh City,Sinnoh
Unionpolis,Hearthome City,Sinnoh
Voilaroc,Veilstone City,Sinnoh
Frimapic,Snowpoint City,Sinnoh
Colonnes Lances,Spear Pillar,Sinnoh
Parc des Amis,Pal Park,Sinnoh
Square Paisible,Amity Square,Sinnoh
Pré Floraville,Floaroma Meadow,Sinnoh
Ile Pleine Lune,Fullmoon Island,Sinnoh
Source Adieu,Sendoff Spring,Sinnoh
Paradis Fleuri,Flower Paradise,Sinnoh
Tunnel Runiem.,Maniac Tunnel,Sinnoh
QG Galaxie,Galactic HQ,Sinnoh
Rive Lac Vérité,Verity Lakefront,Sinnoh
Ile Nouvellelune,Newmoon Island,Sinnoh
Tour de Combat,Battle Tower,Sinnoh
Aire de Combat,Fight Area,Sinnoh
Aire de Survie,Survival Area,Sinnoh
Passage Marin,Seabreak Path,Sinnoh
Salle Originelle,Hall of Origin,Sinnoh
Salle Originelle,Hall of Origin,Sinnoh
Caverne Vérité,Verity Cavern,Sinnoh
Caverne Courage,Valor Cavern,Sinnoh
Caverne Savoir,Acuity Cavern,Sinnoh
Féli-Télé,Jubilife TV,Sinnoh
Pokémontre S.A.,Pokétch Co.,Sinnoh
GTS,GTS,Sinnoh
Ecole Dresseurs,Trainers’ School,Sinnoh
Musée Minier,Mining Museum,Sinnoh
Fleuriste,Flower Shop,Sinnoh
Boutique de Vélo,Cycle Shop,Sinnoh
Salle Concours,Contest Hall,Sinnoh
Poffinerie,Poffin House,Sinnoh
Bâtiment Etrange,Foreign Building,Sinnoh
Pension Pokémon,Pokémon Day Care,Sinnoh
C. Com. Voilaroc,Veilstone Store,Sinnoh
Casino,Game Corner,Sinnoh
Bibl. Joliberges,Canalave Library,Sinnoh
Phare Panorama,Vista Lighthouse,Sinnoh
Marché Rivamar,Sunyshore Market,Sinnoh
Abri Petitpas,Footstep House,Sinnoh
Café,Café,Sinnoh
Grand Lac,Grand Lake,Sinnoh
Restaurant,Restaurant,Sinnoh
Parc des Combats,Battle Park,Sinnoh
Zone de Combat,Battle Frontier,Sinnoh
Usine de Combat,Battle Factory,Sinnoh
Castel de Combat,Battle Castle,Sinnoh
Arcade de Combat,Battle Arcade,Sinnoh
Scène de Combat,Battle Hall,Sinnoh
Monde Distorsion,Distortion World,Sinnoh
Terminal Mondial,Global Terminal,Sinnoh
Villa,Villa,Sinnoh
Café Combats,Battleground,Sinnoh
Salle MOTISMA,ROTOM's Room,Sinnoh
Team G Vestigion,T.G. Eterna Bldg,Sinnoh
Ruines de Fer,Iron Ruins,Sinnoh
Ruines Iceberg,Iceberg Ruins,Sinnoh
Ruines Pic Roche,Rock Peak Ruins,Sinnoh
Ecorcia,Azalea Town,Johto
Doublonville,Goldenrod City,Johto
Acajou,Mahogany Town,Johto
Argenta,Pewter City,Kanto
Lavanville,Lavender Town,Kanto
Plateau Indigo,Indigo Plateau,Kanto
Safrania,Saffron City,Kanto
Phare,Lighthouse,Johto
Repaire Rocket d'Acajou,Team Rocket HQ,Johto
Doublon-Tunnel,Goldenrod Tunnel,Johto
Grotte Argentée,Mt. Silver Cave,Johto
Dôme Pokéathlon,Pokéathlon Dome,Johto
Aquaria,S.S. Aqua,Johto
Portail Safari,Safari Zone Gate,Johto
Grotte Falaise,Cliff Cave,Johto
Atrium Combat,Frontier Access,Johto
Sentier Carillon,Bellchime Trail,Johto
Ruines Sinjoh,Sinjoh Ruins,Johto
Tour Enfouie,Embedded Tower,Johto
Pokéwalker,Pokéwalker,Johto
Portail Falaise,Cliff Edge Gate,Johto
Tour Radio,Radio Tower,Johto
Couple Pension,Day-Care Couple,Lieu
Echange Link,Link trade (arrive),Lieu
Echange Link,Link trade (met),Lieu
Kanto,Kanto,Lieu
Johto,Johto,Lieu
Hoenn,Hoenn,Lieu
Sinnoh,Sinnoh,Lieu
Pays lointain,Distant land,Lieu
un voyageur,Traveling Man,Lieu
Armand,Riley,Lieu
Cynthia,Cynthia,Lieu
Endroit mystér.,Mystery Zone,Lieu
Endroit superbe,Lovely place,Lieu
Pokémon Ranger,Pokémon Ranger,Lieu
Endroit lointain,Faraway place,Lieu
Film Pokémon,Pokémon Movie,Lieu
Film Pokémon 06,Pokémon Movie 06,Lieu
Film Pokémon 07,Pokémon Movie 07,Lieu
Film Pokémon 08,Pokémon Movie 08,Lieu
Film Pokémon 09,Pokémon Movie 09,Lieu
Film Pokémon 10,Pokémon Movie 10,Lieu
Film Pokémon 11,Pokémon Movie 11,Lieu
Film Pokémon 12,Pokémon Movie 12,Lieu
Film Pokémon 13,Pokémon Movie 13,Lieu
Film Pokémon 14,Pokémon Movie 14,Lieu
Film Pokémon 15,Pokémon Movie 15,Lieu
Film Pokémon 16,Pokémon Movie 16,Lieu
Dessin ani. PKMN,Pokémon Cartoon,Lieu
Space World,Space World,Lieu
Space World 06,Space World 06,Lieu
Space World 07,Space World 07,Lieu
Space World 08,Space World 08,Lieu
Space World 09,Space World 09,Lieu
Space World 10,Space World 10,Lieu
Space World 11,Space World 11,Lieu
Space World 12,Space World 12,Lieu
Space World 13,Space World 13,Lieu
Space World 14,Space World 14,Lieu
Space World 15,Space World 15,Lieu
Space World 16,Space World 16,Lieu
Pokémon Festa,Pokémon Festa,Lieu
Pokémon Festa 06,Pokémon Festa 06,Lieu
Pokémon Festa 07,Pokémon Festa 07,Lieu
Pokémon Festa 08,Pokémon Festa 08,Lieu
Pokémon Festa 09,Pokémon Festa 09,Lieu
Pokémon Festa 10,Pokémon Festa 10,Lieu
Pokémon Festa 11,Pokémon Festa 11,Lieu
Pokémon Festa 12,Pokémon Festa 12,Lieu
Pokémon Festa 13,Pokémon Festa 13,Lieu
Pokémon Festa 14,Pokémon Festa 14,Lieu
Pokémon Festa 15,Pokémon Festa 15,Lieu
Pokémon Festa 16,Pokémon Festa 16,Lieu
POKéPARK,POKéPARK,Lieu
POKéPARK 06,POKéPARK 06,Lieu
POKéPARK 07,POKéPARK 07,Lieu
POKéPARK 08,POKéPARK 08,Lieu
POKéPARK 09,POKéPARK 09,Lieu
POKéPARK 10,POKéPARK 10,Lieu
POKéPARK 11,POKéPARK 11,Lieu
POKéPARK 12,POKéPARK 12,Lieu
POKéPARK 13,POKéPARK 13,Lieu
POKéPARK 14,POKéPARK 14,Lieu
POKéPARK 15,POKéPARK 15,Lieu
POKéPARK 16,POKéPARK 16,Lieu
Centre Pokémon,Pokémon Center,Lieu
CP Tokyo,PC Tokyo,Lieu
CP Osaka,PC Osaka,Lieu
CP Fukuoka,PC Fukuoka,Lieu
CP Nagoya,PC Nagoya,Lieu
CP Sapporo,PC Sapporo,Lieu
CP Yokohama,PC Yokohama,Lieu
Nintendo World,Nintendo World,Lieu
Evénem. Pokémon,Pokémon Event,Lieu
Evén. Pokémon 06,Pokémon Event 06,Lieu
Evén. Pokémon 07,Pokémon Event 07,Lieu
Evén. Pokémon 08,Pokémon Event 08,Lieu
Evén. Pokémon 09,Pokémon Event 09,Lieu
Evén. Pokémon 10,Pokémon Event 10,Lieu
Evén. Pokémon 11,Pokémon Event 11,Lieu
Evén. Pokémon 12,Pokémon Event 12,Lieu
Evén. Pokémon 13,Pokémon Event 13,Lieu
Evén. Pokémon 14,Pokémon Event 14,Lieu
Evén. Pokémon 15,Pokémon Event 15,Lieu
Evén. Pokémon 16,Pokémon Event 16,Lieu
Evénement Wi-Fi,Wi-Fi Event,Lieu
Cadeau Wi-Fi,Wi-Fi Gift,Lieu
Fan Club Pokémon,Pokémon Fan Club,Lieu
Lieu d'Evénement,Event Site,Lieu
Evénem. Concert,Concert Event,Lieu
M. Pokémon,Mr. Pokémon,Lieu
Castor,Primo,Lieu
Endroit Mystérieux,Mystery Zone,Unys
Endroit Lointain,Faraway place,Unys
Renouet,Nuvema Town,Unys
Arabelle,Accumula Town,Unys
Ogoesse,Striaton City,Unys
Maillard,Nacrene City,Unys
Volucité,Castelia City,Unys
Méanville,Nimbasa City,Unys
Port Yoneuve,Driftveil City,Unys
Parsemille,Mistralton City,Unys
Flocombe,Icirrus City,Unys
Janusia,Opelucid City,Unys
Route 1,Route 1,Unys
Route 2,Route 2,Unys
Route 3,Route 3,Unys
Route 4,Route 4,Unys
Route 5,Route 5,Unys
Route 6,Route 6,Unys
Route 7,Route 7,Unys
Route 8,Route 8,Unys
Route 9,Route 9,Unys
Route 10,Route 10,Unys
Route 11,Route 11,Unys
Route 12,Route 12,Unys
Route 13,Route 13,Unys
Route 14,Route 14,Unys
Route 15,Route 15,Unys
Route 16,Route 16,Unys
Chenal 17,Route 17,Unys
Route 18,Route 18,Unys
Vestiges du Rêve,Dreamyard,Unys
Forêt d'Empoigne,Pinwheel Forest,Unys
Désert Délassant,Desert Resort,Unys
Château Enfoui,Relic Castle,Unys
Hangar Frigorifique,Cold Storage,Unys
Grotte Électrolithe,Chargestone Cave,Unys
Mont Foré,Twist Mountain,Unys
Tour Dragospire,Dragonspiral Tower,Unys
Route Victoire,Victory Road,Unys
Entrelasque,Lacunosa Town,Unys
Vaguelone,Undella Town,Unys
Rotombourg,Anville Town,Unys
Ligue Pokémon,Pokémon League,Unys
Palais de N,N's Castle,Unys
L'Étoile d'Unys,Royal Unova,Unys
Engrenage du Métro,Gear Station,Unys
Métro de Combat,Battle Subway,Unys
Music-Hall,Musical Theater,Unys
Ville Noire,Black City,Unys
Forêt Blanche,White Forest,Unys
Tour Union,Unity Tower,Unys
Veine Souterraine,Wellspring Cave,Unys
Grotte Parsemille,Mistralton Cave,Unys
Clairière Réflexion,Rumination Field,Unys
Tour des Cieux,Celestial Tower,Unys
Tourbière Flocombe,Moor of Icirrus,Unys
Centre Commercial,Shopping Mall,Unys
Antre d'Entraînement,Challenger's Cave,Unys
Laboratoire Fret,Poké Transfer Lab,Unys
Grotte Cyclopéenne,Giant Chasm,Unys
Île Liberté,Liberty Garden,Unys
Labo P2,P2 Laboratory,Unys
Pont Sagiciel,Skyarrow Bridge,Unys
Pont Yoneuve,Driftveil Drawbridge,Unys
Pont Ferroviaire,Tubeline Bridge,Unys
Pont du Hameau,Village Bridge,Unys
Pont de l'Inconnu,Marvelous Bridge,Unys
Heylink,Entralink,Unys
Autel Abondance,Abundant Shrine,Unys
Baie Vaguelone,Undella Bay,Unys
Bois des Illusions,Lostlorn Forest,Unys
Salle Épreuve,Trial Chamber,Unys
Espace Guide,Guidance Chamber,Unys
Forêt du Heylink,Entree Forest,Unys
Porte Arabelle,Accumula Gate,Unys
Porte Vaguelone,Undella Gate,Unys
Porte Maillard,Nacrene Gate,Unys
Porte Volucité,Castelia Gate,Unys
Porte Méanville,Nimbasa Gate,Unys
Porte Janusia,Opelucid Gate,Unys
Porte Noire,Black Gate,Unys
Porte Blanche,White Gate,Unys
Porte de Pont,Bridge Gate,Unys
Porte de Route,Route Gate,Unys
Ruines des Abysses,Abyssal Ruins,Unys
Clémenti-Ville,Petalburg City,Hoenn
Poivressel,Slateport City,Hoenn
Nénucrique,Lilycove City,Hoenn
Algatia,Mossdeep City,Hoenn
Atalanopolis,Sootopolis City,Hoenn
Éternara,Ever Grande City,Hoenn
Site Météore,Meteor Falls,Hoenn
Tunnel Mérazon,Rusturf Tunnel,Hoenn
Grotte Granite,Granite Cave,Hoenn
Bois Clémenti,Petalburg Woods,Hoenn
Sentier Sinuroc,Jagged Pass,Hoenn
Chemin Ardent,Fiery Path,Hoenn
Mont Mémoria,Mt. Pyre,Hoenn
Caverne Fondmer,Seafloor Cavern,Hoenn
Grotte Origine,Cave of Origin,Hoenn
Route Victoire,Victory Road,Hoenn
Grotte Tréfonds,Shoal Cave,Hoenn
New Lavandia,New Mauville,Hoenn
Épave,Abandoned Ship,Hoenn
Pilier Céleste,Sky Pillar,Hoenn
Route 101,Route 101,Hoenn
Route 102,Route 102,Hoenn
Route 103,Route 103,Hoenn
Route 104,Route 104,Hoenn
Chenal 105,Route 105,Hoenn
Chenal 106,Route 106,Hoenn
Chenal 107,Route 107,Hoenn
Chenal 108,Route 108,Hoenn
Chenal 109,Route 109,Hoenn
Route 110,Route 110,Hoenn
Route 111,Route 111,Hoenn
Route 112,Route 112,Hoenn
Route 113,Route 113,Hoenn
Route 114,Route 114,Hoenn
Route 115,Route 115,Hoenn
Route 116,Route 116,Hoenn
Route 117,Route 117,Hoenn
Route 118,Route 118,Hoenn
Route 119,Route 119,Hoenn
Route 120,Route 120,Hoenn
Route 121,Route 121,Hoenn
Chenal 122,Route 122,Hoenn
Route 123,Route 123,Hoenn
Chenal 124,Route 124,Hoenn
Chenal 125,Route 125,Hoenn
Chenal 126,Route 126,Hoenn
Chenal 127,Route 127,Hoenn
Chenal 128,Route 128,Hoenn
Chenal 129,Route 129,Hoenn
Chenal 130,Route 130,Hoenn
Chenal 131,Route 131,Hoenn
Chenal 132,Route 132,Hoenn
Chenal 133,Route 133,Hoenn
Chenal 134,Route 134,Hoenn
Parc Safari,Safari Zone,Hoenn
Myokara,Dewford Town,Hoenn
Pacifiville,Pacifidlog Town,Hoenn
Planque Magma,Magma Hideout,Hoenn
Tour Mirage,Mirage Tower,Hoenn
Voie du Désert,Desert Underpass,Hoenn
Grotte Atelier,Artisan Cave,Hoenn
Grotte Métamo,Altering Cave,Hoenn
Chambre Anemune,Monean Chamber,Kanto
Chambre Deulipe,Liptoo Chamber,Kanto
Chambre Prois,Weepth Chamber,Kanto
Chambre Jonquatre,Dilford Chamber,Kanto
Chambre Hibicinq,Scufib Chamber,Kanto
Chambre Irix,Rixy Chamber,Kanto
Chambre Poinsept,Viapos Chamber,Kanto
L'Océane,S.S. Anne,Kanto
Mont Braise,Mt. Ember,Kanto
Bois Baies,Berry Forest,Kanto
Grotte de Glace,Icefall Cave,Kanto
Forbuissons,Pattern Bush,Kanto
Grotte Perdue,Lost Cave,Kanto
Route Tison,Kindle Road,Kanto
Plage Trésor,Treasure Beach,Kanto
Cap Falaise,Cape Brink,Kanto
Pont du Lien,Bond Bridge,Kanto
Port Ile 3,Three Isle Port,Kanto
Camp de Vacances,Resort Gorgeous,Kanto
Labyrinthe d'O,Water Labyrinth,Kanto
Pré Ile 5,Five Isle Meadow,Kanto
Mémorial,Memorial Pillar,Kanto
Ile du Lointain,Outcast Island,Kanto
Chemin Vert,Green Path,Kanto
Agualcanal,Water Path,Kanto
Vallée Ruine,Ruin Valley,Kanto
Tour Dresseurs,Trainer Tower,Kanto
Entrée du Canyon,Canyon Entrance,Kanto
Canyon Sesor,Sevault Canyon,Kanto
Ruines Tanoby,Tanoby Ruins,Kanto
Ile 1,One Island,Kanto
Ile 4,Four Island,Kanto
Ile 5,Five Island,Kanto
Grotte Métamo,Altering Cave,Kanto
Pavonnay,Aspertia City,Unys
Ondes-sur-Mer,Virbank City,Unys
Papeloa,Humilau City,Unys
Pokéwood,PokéStar Studios,Unys
Galerie Concorde,Join Avenue,Unys
Amaillide,Floccesy Town,Unys
Arpentières,Lentimas Town,Unys
Route 19,Route 19,Unys
Route 20,Route 20,Unys
Chenal 21,Route 21,Unys
Route 22,Route 22,Unys
Route 23,Route 23,Unys
Égouts de Volucité,Castelia Sewers,Unys
Ranch d'Amaillide,Floccesy Ranch,Unys
Z.I. d'Ondes-sur-Mer,Virbank Complex,Unys
Mont Renenvers,Reversal Mountain,Unys
Manoir de l'Étrange,Strange House,Unys
Route Victoire,Victory Road,Unys
Frégate Plasma,Plasma Frigate,Unys
Chemin Enfoui,Relic Passage,Unys
Route Bardane,Clay Tunnel,Unys
Arbre Creux Blanc,White Treehollow,Unys
Gratte-Ciel Noir,Black Tower,Unys
Grotte Littorale,Seaside Cave,Unys
Caverne des Esprits,Cave of Being,Unys
Trouée Cachée,Hidden Grotto,Unys
Aquatube,Marine Tube,Unys
Porte Ondes-sur-Mer,Virbank Gate,Unys
Porte Pavonnay,Aspertia Gate,Unys
Réserve Naturelle,Nature Sanctuary,Unys
Bureau des Médailles,Medal Secretariat,Unys
Ruines Enfouies,Underground Ruins,Unys
Salle Pic Rocheux,Rocky Mountain Room,Unys
Salle Iceberg,Glacier Room,Unys
Salle Fer,Iron Room,Unys
Bois du Serment,Pledge Grove,Unys
Bourg-en-Vol,Littleroot Town,Hoenn
Rosyères,Oldale Town,Hoenn
Vermilava,Lavaridge Town,Hoenn
Autéquia,Fallarbor Town,Hoenn
Vergazon,Verdanturf Town,Hoenn
Lavandia,Mauville City,Hoenn
Mérouville,Rustboro City,Hoenn
Cimetronelle,Fortree City,Hoenn
Fond marin,Underwater,Hoenn
Mont Chimnée,Mt. Chimney,Hoenn
Île Mirage,Mirage Island,Hoenn
Île du Sud,Southern Island,Hoenn
Sanctuaire,Sealed Chamber,Hoenn
Grotte Zénith,Scorched Slab,Hoenn
Grotte de l’Îlot,Island Cave,Hoenn
Ruines Désert,Desert Ruins,Hoenn
Tombeau Antique,Ancient Tomb,Hoenn
???,???,Hoenn
Base Secrète,Secret Base,Hoenn
Tour de Combat,Battle Tower,Hoenn
Bourg Croquis,Vaniville Town,Kalos
Route 1,Route 1,Kalos
Sentier Croquis,Vaniville Pathway,Kalos
Quarellis,Aquacorde Town,Kalos
Route 2,Route 2,Kalos
Chemin Progrès,Avance Trail,Kalos
Forêt de Neuvartault,Santalune Forest,Kalos
Route 3,Route 3,Kalos
Chemin Ouvert,Ouvert Way,Kalos
Neuvartault,Santalune City,Kalos
Route 4,Route 4,Kalos
Route Fleurie,Parterre Way,Kalos
Illumis,Lumiose City,Kalos
Tour Prismatique,Prism Tower,Kalos
Labos Lysandre,Lysandre Labs,Kalos
Route 5,Route 5,Kalos
Chemin du Versant,Versant Road,Kalos
Fort-Vanitas,Camphrier Town,Kalos
Fort de Vanitas,Shabboneau Castle,Kalos
Route 6,Route 6,Kalos
Allée du Palais,Palais Lane,Kalos
Palais Chaydeuvre,Parfum Palace,Kalos
Route 7,Route 7,Kalos
Chemin des Berges,Rivière Walk,Kalos
Relifac-le-Haut,Cyllage City,Kalos
Route 8,Route 8,Kalos
Falaise Muraille,Muraille Coast,Kalos
Roche-sur-Gliffe,Ambrette Town,Kalos
Route 9,Route 9,Kalos
Piste Piquante,Spikes Passage,Kalos
Château de Combat,Battle Chateau,Kalos
Route 10,Route 10,Kalos
Route Menhir,Menhir Trail,Kalos
Cromlac’h,Geosenge Town,Kalos
Route 11,Route 11,Kalos
Chemin Miroir,Miroir Way,Kalos
Grotte Miroitante,Reflection Cave,Kalos
Yantreizh,Shalour City,Kalos
Tour Maîtrise,Tower of Mastery,Kalos
Route 12,Route 12,Kalos
Chemin Fourrage,Fourrage Road,Kalos
Port Tempères,Coumarine City,Kalos
Route 13,Route 13,Kalos
Steppe d’Illumis,Lumiose Badlands,Kalos
Route 14,Route 14,Kalos
Laie Romant-ss-Bois,Laverre Nature Trail,Kalos
Romant-sous-Bois,Laverre City,Kalos
Usine de Poké Balls,Poké Ball Factory,Kalos
Route 15,Route 15,Kalos
Chemin Brun,Brun Way,Kalos
La Frescale,Dendemille Town,Kalos
Route 16,Route 16,Kalos
Chemin Tristesse,Mélancolie Path,Kalos
Caverne Gelée,Frost Cavern,Kalos
Route 17,Route 17,Kalos
Route Mammochon,Mamoswine Road,Kalos
Flusselles,Anistar City,Kalos
Route 18,Route 18,Kalos
Chemin des Gorges,Vallée Étroite Way,Kalos
Mozheim,Couriway Town,Kalos
Route 19,Route 19,Kalos
Chemin du Val,Grande Vallée Way,Kalos
Auffrac-les-Congères,Snowbelle City,Kalos
Route 20,Route 20,Kalos
Bois du Dédale,Winding Woods,Kalos
Village Pokémon,Pokémon Village,Kalos
Route 21,Route 21,Kalos
Chemin Final,Dernière Way,Kalos
Route 22,Route 22,Kalos
Chemin Détour,Détourner Way,Kalos
Route Victoire,Victory Road,Kalos
Ligue Pokémon,Pokémon League,Kalos
Batisques,Kiloude City,Kalos
Maison de Combat,Battle Maison,Kalos
Baie Azur,Azure Bay,Kalos
Porte de La Frescale,Dendemille Gate,Kalos
Porte de Mozheim,Couriway Gate,Kalos
Porte de R. s/Gliffe,Ambrette Gate,Kalos
Porte d’Illumis,Lumiose Gate,Kalos
Porte de Yantreizh,Shalour Gate,Kalos
Porte de P. Tempères,Coumarine Gate,Kalos
Porte de Romant,Laverre Gate,Kalos
Porte de Flusselles,Anistar Gate,Kalos
Porte d’Auffrac,Snowbelle Gate,Kalos
Grotte Étincelante,Glittering Cave,Kalos
Cave Connecterre,Connecting Cave,Kalos
Antre Nosferapti,Zubat Roost,Kalos
Centrale de Kalos,Kalos Power Plant,Kalos
Repaire Team Flare,Team Flare Secret HQ,Kalos
Grotte Coda,Terminus Cave,Kalos
Hôtel Désolation,Lost Hotel,Kalos
Chambre Néant,Chamber of Emptiness,Kalos
Antre Néréen,Sea Spirit’s Den,Kalos
Safari des Amis,Friend Safari,Kalos
Chambre du Brasier,Blazing Chamber,Kalos
Chambre du Barrage,Flood Chamber,Kalos
Chambre de l’Alliage,Ironworks Chamber,Kalos
Chambre de la Guivre,Dragonmark Chamber,Kalos
Chambre de l’Éclat,Radiant Chamber,Kalos
Porte de la Ligue,Pokémon League Gate,Kalos
Gare d’Illumis,Lumiose Station,Kalos
Gare de Batisques,Kiloude Station,Kalos
Aquarium R. s/Gliffe,Ambrette Aquarium,Kalos
Grotte Inconnue,Unknown Dungeon,Kalos
Ligue Pokémon,Pokémon League,Hoenn
Planque Aqua,Team Aqua Hideout,Hoenn
Lavandia Sea,Sea Mauville,Hoenn
Planque Magma,Team Magma Hideout,Hoenn
Atoll de Combat,Battle Resort,Hoenn
Le Marina,S.S. Tidal,Hoenn
Forêt Mirage,Mirage Forest,Hoenn
Grotte Mirage,Mirage Cave,Hoenn
Mont Mirage,Mirage Mountain,Hoenn
Forêt Impénétrable,Trackless Forest,Hoenn
Plaine Sans Nom,Pathless Plain,Hoenn
Grotte Oubliée,Nameless Cavern,Hoenn
Grotte Évanescente,Fabled Cave,Hoenn
Gouffre Informe,Gnarled Den,Hoenn
Île de l’Arc,Crescent Isle,Hoenn
Îlot Secret,Secret Islet,Hoenn
Grand Ciel,Soaring in the sky,Hoenn
Plage Secrète,Secret Shore,Hoenn
Champ Fleuri Secret,Secret Meadow,Hoenn
Route 1,Route 1,Alola
Route 1,Route 1,Alola
Route 3,Route 3,Alola
Route 2,Route 2,Alola
Baie de Kala’e,Kala’e Bay,Alola
Mer de Mele-Mele,Melemele Sea,Alola
Ekaeka,Hau’oli City,Alola
Ekaeka,Hau’oli City,Alola
Ekaeka,Hau’oli City,Alola
Lili’i,Iki Town,Alola
Sentier de Mahalo,Mahalo Trail,Alola
Sentier de Mahalo,Mahalo Trail,Alola
Ruines du Conflit,Ruins of Conflict,Alola
Colline Dicarat,Ten Carat Hill,Alola
Colline Dicarat,Ten Carat Hill,Alola
Cimetière d’Ekaeka,Hau’oli Cemetery,Alola
Jardin de Mele-Mele,Melemele Meadow,Alola
Grotte Verlamer,Seaward Cave,Alola
Champ de Baies,Berry Fields,Alola
Grotte Verdoyante,Verdant Cavern,Alola
Grotte Verdoyante,Verdant Cavern,Alola
Route 4,Route 4,Alola
Route 5,Route 5,Alola
Route 6,Route 6,Alola
Route 7,Route 7,Alola
Route 8,Route 8,Alola
Route 9,Route 9,Alola
Club Hano-Hano,Hano Grand Resort,Alola
Plage Hano-Hano,Hano Beach,Alola
Jardin d’Akala,Akala Meadow,Alola
Ohana,Paniola Town,Alola
Ho’ohale,Heahea City,Alola
Konikoni,Konikoni City,Alola
Rue du Dôme Royal,Royal Avenue,Alola
Colline Memento,Memorial Hill,Alola
Ranch Ohana,Paniola Ranch,Alola
Parc Volcanique,Wela Volcano Park,Alola
Parc Volcanique,Wela Volcano Park,Alola
Colline Clapotis,Brooklet Hill,Alola
Colline Clapotis,Brooklet Hill,Alola
Jungle Sombrefeuille,Lush Jungle,Alola
Ruines de l’Éveil,Ruins of Life,Alola
Côte Reculée d’Akala,Akala Outskirts,Alola
Tunnel Taupiqueur,Diglett’s Tunnel,Alola
Dôme Royal,Battle Royal Dome,Alola
Route 10,Route 10,Alola
Route 11,Route 11,Alola
Côte Sauvage,Secluded Shore,Alola
Route 13,Route 13,Alola
Village Toko,Tapu Village,Alola
Route 15,Route 15,Alola
Route 16,Route 16,Alola
Route 17,Route 17,Alola
Route 12,Route 12,Alola
Désert Haina,Haina Desert,Alola
Route 14,Route 14,Alola
Jardin d’Ula-Ula,Ula’ula Meadow,Alola
Kokohio,Po Town,Alola
Malié,Malie City,Alola
Parc de Malié,Malie Garden,Alola
Mont Hokulani,Mount Hokulani,Alola
Mont Ardent,Blush Mountain,Alola
Ruines de l’Essor,Ruins of Abundance,Alola
Lac du Halo Solaire,Lake of the Sunne,Alola
Lac du Halo Lunaire,Lake of the Moone,Alola
Mont Lanakila,Mount Lanakila,Alola
Manoir Chelou,Shady House,Alola
Bradley Prix,Thrifty Megamart,Alola
Observatoire,Hokulani Observatory,Alola
Ligue Pokémon,Pokémon League,Alola
Jardin de Poni,Poni Meadow,Alola
Prairie de Poni,Poni Wilds,Alola
Vieille Route,Ancient Poni Path,Alola
Récif de Poni,Poni Breaker Coast,Alola
Forêt de Poni,Poni Grove,Alola
Plaine de Poni,Poni Plains,Alola
Côte de Poni,Poni Coast,Alola
Chemin du Défi,Poni Gauntlet,Alola
Village Flottant,Seafolk Village,Alola
Grand Canyon de Poni,Vast Poni Canyon,Alola
Autel du Soleil,Altar of the Sunne,Alola
Autel de la Lune,Altar of the Moone,Alola
Ruines de l’Au-Delà,Ruins of Hope,Alola
Caverne Coda,Resolution Cave,Alola
Île Noadkoko,Exeggutor Island,Alola
Arbre de Combat,Battle Tree,Alola
Paradis Æther,Aether Paradise,Alola
Ultra-Dimension,Ultra Space,Alola
Malié,Malie City,Alola
Sillonnant Kanto,Roaming Kanto,Kanto
Sillonnant Johto,Roaming Johto,Johto
Sillonnant Hoenn,Roaming Hoenn,Hoenn
Sillonnant Sinnoh,Roaming Sinnoh,Sinnoh
Grotte Terra,Terra Cave,Hoenn
Grotte Marine,Marine Cave,Hoenn
Île 2,Two Island,Kanto
Île 3,Three Island,Kanto
Route Île 3,Three Isle Path,Kanto
Île 6,Six Island,Kanto
Île 7,Seven Island,Kanto
Île Aurore,Birth Island,Kanto
Roc Nombri,Navel Rock,Kanto
Île lointaine,Faraway Island,Hoenn
Zone de Combat,Hoenn Battle Frontier,Hoenn
Parc Safari,Johto Safari Zone,Johto
Cuchalaga,Cabo Poco,Paldea
Plato Real,Los Platos,Paldea
Mesaledo,Mesagoza,Paldea
Sevaro,Cortondo,Paldea
Alforneira,Alfornada,Paldea
Ligue Pokémon,Pokémon League,Paldea
Cuencia,Artazon,Paldea
Levalendura,Levincia,Paldea
Pinchoria,Zapapico,Paldea
Jarramanca,Cascarrafa,Paldea
Porto Marinada,Porto Marinada,Paldea
Mezclamora,Medali,Paldea
Frigao,Montenevera,Paldea
Zone Sud n° 1,South Province (Area One),Paldea
Zone Sud n° 2,South Province (Area Two),Paldea
Zone Sud n° 3,South Province (Area Three),Paldea
Zone Sud n° 4,South Province (Area Four),Paldea
Zone Sud n° 5,South Province (Area Five),Paldea
Zone Sud n°6,South Province (Area Six),Paldea
Mer du Sud de Paldea,South Paldean Sea,Paldea
Route de Cuchalaga,Poco Path,Paldea
Caverne de la Crique,Inlet Grotto,Paldea
Académie Orange,Naranja Academy,Paldea
Grotte d'Alforneira,Alfornada Cavern,Paldea
Sanctuaire du Bois Mourant,Grasswither Shrine,Paldea
Zone Est n° 1,East Province (Area One),Paldea
Zone Est n° 2,East Province (Area Two),Paldea
Zone Est n° 3,East Province (Area Three),Paldea
Mer de l'Est de Paldea,East Paldean Sea,Paldea
Bosquet Tagué,Tagtree Thicket,Paldea
Repaire du Groupe Schedar,Schedar Squad's Base,Paldea
Repaire du Groupe Tsih,Navi Squad's Base,Paldea
Zone Ouest n° 1,West Province (Area One),Paldea
Zone Ouest n° 2,West Province (Area Two),Paldea
Zone Ouest n° 3,West Province (Area Three),Paldea
Désert Rôtissable,Asado Desert,Paldea
Mer de l'Ouest de Paldea,West Paldean Sea,Paldea
Repaire du Groupe Segin,Segin Squad's Base,Paldea
Sanctuaire du Froid Cruel,Icerend Shrine,Paldea
Zone Nord n° 1,North Province (Area One),Paldea
Zone Nord n° 2,North Province (Area Two),Paldea
Zone Nord n° 3,North Province (Area Three),Paldea
Lac Asrol,Casseroya Lake,Paldea
Tunnel Mezcla-Pincho,Dalizapa Passage,Paldea
Mont Nappé,Glaseado Mountain,Paldea
Forêt Toastée,Socarrat Trail,Paldea
Sanctuaire du Sol Corrompu,Groundblight Shrine,Paldea
Sanctuaire du Feu Ravageur,Firescourge Shrine,Paldea
Mer du Nord de Paldea,North Paldean Sea,Paldea
Repaire du Groupe Ruchbah,Ruchbah Squad's Base,Paldea
Repaire du Groupe Caph,Caph Squad's Base,Paldea
Zone Zéro,Area Zero,Paldea
Laboratoire Zéro,Zero Lab,Paldea
Route 1,Route 1,Galar
Route 2,Route 2,Galar
Route 3,Route 3,Galar
Route 4,Route 4,Galar
Route 5,Route 5,Galar
Route 6,Route 6,Galar
Route 7,Route 7,Galar
Route 8,Route 8,Galar
Route 9,Route 9,Galar
Route 10,Route 10,Galar
Œil du Lac,Axew's Eye,Galar
Lac Poké Ball,Ballimere Lake,Galar
Corrifey,Ballonlea,Galar
Tour de Combat,Battle Tower,Galar
Grotte du Pugilat,Brawlers' Cave,Galar
Prairie Entre-Ponts,Bridge Field,Galar
Plage de l'Épreuve,Challenge Beach,Galar
Route de l'Épreuve,Challenge Road,Galar
Ludester,Circhester,Galar
Caverne Pugnacité,Courageous Cavern,Galar
Temple Couronne,Crown Shrine,Galar
Bois de Clairjour,Dappled Grove,Galar
Fosse des Sables,Dusty Bowl,Galar
Butte du Dynarbre,Dyna Tree Hill,Galar
Lac Coupenotte Est,East Lake Axewell,Galar
Plaine Salutation,Fields of Honor,Galar
Forêt Flexion,Forest of Focus,Galar
Hameau Gelé,Freezington,Galar
Mer Banquise,Frigid Sea,Galar
Plaine Granfroy,Frostpoint Field,Galar
Mine de Galar,Galar Mine,Galar
Mine de Galar n° 2,Galar Mine No. 2,Galar
Repos du Géant,Giant's Bed,Galar
Empreinte du Géant,Giant's Foot,Galar
Miroir du Géant,Giant's Mirror,Galar
Siège du Géant,Giant's Seat,Galar
Forêt de Lumirinth,Glimwood Tangle,Galar
Kickenham,Hammerlocke,Galar
Plateau de Kickenham,Hammerlocke Hills,Galar
Îlot Calméole,Honeycalm Island,Galar
Mer Calméole,Honeycalm Sea,Galar
Skifford,Hulbury,Galar
Ruines Iceberg,Iceberg Ruins,Galar
Mer Isol'Îlots,Insular Sea,Galar
Ruines de Fer,Iron Ruins,Galar
Lac Ouragan,Lake of Outrage,Galar
Grotte du Lac,Lakeside Cave,Galar
Lagune Circulaire,Loop Lagoon,Galar
Dojo de la Maîtrise,Master Dojo,Galar
Grand Antre Dynamax,Max Lair,Galar
Motorby,Motostoke,Galar
Abords de Motorby,Motostoke Outskirts,Galar
Berges de Motorby,Motostoke Riverbank,Galar
Lac Milobellus Nord,North Lake Miloch,Galar
Cimetière Ancien,Old Cemetery,Galar
Sentier Blanche-Cime,Path to the Peak,Galar
Paddoxton,Postwick,Galar
Sables de Kudsac,Potbottom Desert,Galar
Cavernes Gronde-Mer,Roaring-Sea Caves,Galar
Ruines Pic Roche,Rock Peak Ruins,Galar
Plaine Verdoyante,Rolling Fields,Galar
Plateau Beau-Gant,Slippery Slope,Galar
Forêt de Sleepwood,Slumbering Weald,Galar
Pente Enneigée,Snowslide Slope,Galar
Lande Boldair,Soothing Wetlands,Galar
Lac Milobellus Sud,South Lake Miloch,Galar
Smashings,Spikemuth,Galar
Ruines du Choix,Split-Decision Ruins,Galar
Route 8,Route 8,Galar
Mer Align'Îlots,Stepping-Stone Sea,Galar
Plaine Rocheuse,Stony Wilderness,Galar
Old Chister,Stow-on-Side,Galar
Croisée Trois-Voies,Three-Point Pass,Galar
Tour des Ténèbres,Tower of Darkness,Galar
Tour de l'Eau,Tower of Waters,Galar
Plaine des Efforts,Training Lowlands,Galar
Galeries Monte-Pic,Tunnel to the Top,Galar
Greenbury,Turffield,Galar
Voie des Étirements,Warm-Up Tunnel,Galar
Tour en ruines,Watchtower Ruins,Galar
Brasswick,Wedgehurst,Galar
Lac Coupenotte Ouest,West Lake Axewell,Galar
Mer Eau-Hisse,Workout Sea,Galar
Winscor,Wyndon,Galar
Mont des Capumain,Aipom Hill,Hisui
Ancienne Carrière,Ancient Quarry,Hisui
Sentier de l'Arène,Arena's Approach,Hisui
Colline Ambition,Aspiration Hill,Hisui
Pente de l'Avalanche,Avalanche Slopes,Hisui
Glacier Séracrawl,Avalugg's Legacy,Hisui
Lagune des Bains,Bathers' Lagoon,Hisui
Mont des Gringoles,Bolderoll Ravine,Hisui
Pente des Gringoles,Bolderoll Slope,Hisui
Étendue Polaire,Bonechill Wastes,Hisui
Arène du Théâtre,Brava Arena,Hisui
Plage de l'Errance,Castaway Shore,Hisui
Temple Céleste,Celestica Ruins,Hisui
Sentier Céleste,Celestica Trail,Hisui
Falaise Cascade,Clamberclaw Cliffs,Hisui
Passage des Nuages,Cloudcap Pass,Hisui
Col Mer-de-Nuages,Cloudpool Ridge,Hisui
Bivouac Côtier,Coastlands Base Camp,Hisui
Lande Herbacoton,Cottonsedge Prairie,Hisui
Coteau du Passage,Crossing Slope,Hisui
Rive des Revenants,Deadwood Haunt,Hisui
Plateau Cer-Mont,Deertrack Heights,Hisui
Sentier Cer-Mont,Deertrack Path,Hisui
Lisière du Hameau,Diamond Heath,Hisui
Hameau Diamant,Diamond Settlement,Hisui
Champ Bourdonne,Droning Meadow,Hisui
Source Féérique,Fabled Spring,Hisui
Île Crache-Feu,Firespit Island,Hisui
Champ Flora,Floaro Gardens,Hisui
Marais Bouchebée,Gapejaw Bog,Hisui
Place Ginkgo,Ginkgo Landing,Hisui
Terrasse du Glacier,Glacier Terrace,Hisui
Plaine d'Or,Golden Lowlands,Hisui
Arène du Grand Arbre,Grandtree Arena,Hisui
Bocage Agité,Grueling Grove,Hisui
Rocher Esprit,Heart's Crag,Hisui
Hauts de l'Humilité,Heavenward Lookout,Hisui
Bivouac de la Friche,Heights Base Camp,Hisui
Crique Paisible,Hideaway Bay,Hisui
Île de l’Épreuve,Holm of Trials,Hisui
Val Ferrache,Horseshoe Plains,Hisui
Chambre des Piliers,Ice Column Chamber,Hisui
Chute d'Oglacé,Icebound Falls,Hisui
Arène de l'Iceberg,Icepeak Arena,Hisui
Souterrain de Givre,Icepeak Cavern,Hisui
Plage Long-des-Îles,Islespy Shore,Hisui
Rusti-Cité,Jubilife Village,Hisui
Lac Savoir,Lake Acuity,Hisui
Lac Courage,Lake Valor,Hisui
Lac Vérité,Lake Verity,Hisui
Source Reculée,Lonely Spring,Hisui
Arche Poissigrand,Lunker's Lair,Hisui
Arène de la Lave,Molten Arena,Hisui
Arène de la Lune,Moonview Arena,Hisui
Cellier Champêtre,Nature's Pantry,Hisui
Chute d'Obsidienne,Obsidian Falls,Hisui
Tunnel de Fer,Oreburrow Tunnel,Hisui
Hameau Perle,Pearl Settlement,Hisui
Grotte Préhistorique,Primeval Grotto,Hisui
Île Rosa Rugosa,Ramanas Island,Hisui
Parvis des Prières,Sacred Plaza,Hisui
Main de Sable,Sand's Reach,Hisui
Plaine Littorella,Sandgem Flats,Hisui
Marais Carlate,Scarlet Bog,Hisui
Havre des Algues,Seagrass Haven,Hisui
Creux du Cap,Seaside Hollow,Hisui
Ruines Brumeuses,Shrouded Ruins,Hisui
Plateau Tourbeux,Sludge Mound,Hisui
Source Panora-Neige,Snowfall Hot Spring,Hisui
Temple de Frimapic,Snowpoint Temple,Hisui
Ruines de Bonville,Solaceon Ruins,Hisui
Sentier des Pèlerins,Sonorous Path,Hisui
Distorsion Spatio-Temporelle,Space-time distortion,Hisui
Chemin de la Source,Spring Path,Hisui
Col Pierlevé,Stonetooth Rows,Hisui
Temple de Sinnoh,Temple of Sinnoh,Hisui
Forêt Lointaine,The Heartwood,Hisui
Digue de l'Estuaire,Tidewater Dam,Hisui
Presqu'île Tombolo,Tombolo Walk,Hisui
Baie Sérénité,Tranquility Cove,Hisui
Grotte du Retour,Turnback Cave,Hisui
Arène Ursa,Ursa's Ring,Hisui
Cap du Voile,Veilstone Cape,Hisui
Grotte des Égarés,Wayward Cave,Hisui
Forêt des Égarés,Wayward Wood,Hisui
Vallée Enneigée,Whiteout Valley,Hisui
Bois Brise-Vent,Windbreak Stand,Hisui
Rive Filevent,Windswept Run,Hisui
Pont Rocheux,Worn Bridge,Hisui
Coiffe du Géant,Giant's Cap,Galar
Ekaeka,Hau'oli City,Alola
Grotte Verdoyante,Verdant Cavern,Alola
Rue du Dôme Royal,Royal Avenue,Alola
Malié,Malie City,Alola
Tunnel Perce-Mont,Dividing Peak Tunnel,Alola
Plage d'Ho'ohale,Heahea Beach,Alola
Grotte de la Plage,Sandy Cave,Alola
Plage d'Ula-Ula,Ula'ula Beach,Alola
Ultra-Mégalopole,Ultra Megalopolis,Alola
Ultra-Dimension Zéro,Ultra Space Wilds,Alola
Poké Loisir,Poké Pelago,Alola
Château Rocket,Team Rocket's Castle,Alola
Unys (Sillonnant),Unova (Roaming),Unys
Centre Spatial d'Algatia,Mossdeep Space Center,Hoenn
Kalos (Sillonnant),Kalos (Roaming),Kalos
Académie Raisin,Uva Academy,Paldea
Coteau Pommes,Apple Hills,Paldea
Grotte Douche Froide,Chilling Waterhead,Paldea
Lac Cristallin,Crystal Pool,Paldea
Antre Interdit,Dreaded Den,Paldea
Gorge de la Corne,Fellhorn Gorge,Paldea
Val Infernal,Infernal Pass,Paldea
Septemplion,Kitakami Hall,Paldea
Route de Septentria,Kitakami Road,Paldea
Terres Vierges de Septentria,Kitakami Wilds,Paldea
Parc Adorami,Loyalty Plaza,Paldea
Rives du Confluent,Mossfell Confluence,Paldea
Jaderaude,Mossui Town,Paldea
Mont Strueux,Oni Mountain,Paldea
Gueule du Monstre,Oni's Maw,Paldea
Lande de la Quiétude,Paradise Barrens,Paldea
Sentier de la Liesse,Reveler's Road,Paldea
Forêt Ternelle,Timeless Woods,Paldea
Plaine des Glycines,Wistful Fields,Paldea
Zone Canyon,Canyon Biome,Paldea
Poste Canyon,Canyon Plaza,Paldea
Poste Central,Central Plaza,Paldea
Caverne Électrolithe,Chargestone Cavern,Paldea
Zone Côtière,Coastal Biome,Paldea
Poste Côtier,Coastal Plaza,Paldea
Club de la Ligue,League Club Room,Paldea
Zone Polaire,Polar Biome,Paldea
Poste Polaire,Polar Plaza,Paldea
Zone Savane,Savanna Biome,Paldea
Poste Savane,Savanna Plaza,Paldea
Dédale des Torches,Torchlit Labyrinth,Paldea
,Outskirt Stand,Orre
,Phenac City,Orre
,Snagem Hideout,Orre
,Shadow Pokémon Lab,Orre
,Pyrite Town,Orre
,Pyrite Bldg,Orre
,Pyrite Cave,Orre
,Realgam Tower,Orre
,Agate Village,Orre
,The Under,Orre
,Mt. Battle,Orre
,Pokemon Hq Lab,Orre
,Gateon Port,Orre
,Cipher Lab,Orre
,Pokespot,Orre
,ONBS,Orre
,Cipher Key Lair,Orre
,Citadark Isle,Orre
,Kanto Underground Path,Kanto
Oeuf,Egg,Lieu
Sylphe SARL,Silph Corp.,Kanto
Plaines Obsidiennes,Obsidian Fieldlands,Hisui
Terres Immaculées,Alabaster Icelands,Hisui
Côte Lazuli,Cobalt Coastlands,Hisui
Île Vertepousse,Greengrass Isle,Sleep
Grotte Sépia,Taupe Hollow,Sleep
Bulbizarre,Bulbasaur,Pokémon
Herbizarre,Ivysaur,Pokémon
Florizarre,Venusaur,Pokémon
Salamèche,Charmander,Pokémon
Reptincel,Charmeleon,Pokémon
Dracaufeu,Charizard,Pokémon
Carapuce,Squirtle,Pokémon
Carabaffe,Wartortle,Pokémon
Tortank,Blastoise,Pokémon
Chenipan,Caterpie,Pokémon
Chrysacier,Metapod,Pokémon
Papilusion,Butterfree,Pokémon
Aspicot,Weedle,Pokémon
Coconfort,Kakuna,Pokémon
Dardargnan,Beedrill,Pokémon
Roucool,Pidgey,Pokémon
Roucoups,Pidgeotto,Pokémon
Roucarnage,Pidgeot,Pokémon
Rattata,Rattata,Pokémon
Rattatac,Raticate,Pokémon
Piafabec,Spearow,Pokémon
Rapasdepic,Fearow,Pokémon
Abo,Ekans,Pokémon
Arbok,Arbok,Pokémon
Pikachu,Pikachu,Pokémon
Raichu,Raichu,Pokémon
Sabelette,Sandshrew,Pokémon
Sablaireau,Sandslash,Pokémon
Nidoran♀,Nidoran♀,Pokémon
Nidorina,Nidorina,Pokémon
Nidoqueen,Nidoqueen,Pokémon
Nidoran♂,Nidoran♂,Pokémon
Nidorino,Nidorino,Pokémon
Nidoking,Nidoking,Pokémon
Mélofée,Clefairy,Pokémon
Mélodelfe,Clefable,Pokémon
Goupix,Vulpix,Pokémon
Feunard,Ninetales,Pokémon
Rondoudou,Jigglypuff,Pokémon
Grodoudou,Wigglytuff,Pokémon
Nosferapti,Zubat,Pokémon
Nosferalto,Golbat,Pokémon
Mystherbe,Oddish,Pokémon
Ortide,Gloom,Pokémon
Rafflesia,Vileplume,Pokémon
Paras,Paras,Pokémon
Parasect,Parasect,Pokémon
Mimitoss,Venonat,Pokémon
Aéromite,Venomoth,Pokémon
Taupiqueur,Diglett,Pokémon
Triopikeur,Dugtrio,Pokémon
Miaouss,Meowth,Pokémon
Persian,Persian,Pokémon
Psykokwak,Psyduck,Pokémon
Akwakwak,Golduck,Pokémon
Férosinge,Mankey,Pokémon
Colossinge,Primeape,Pokémon
Caninos,Growlithe,Pokémon
Arcanin,Arcanine,Pokémon
Ptitard,Poliwag,Pokémon
Têtarte,Poliwhirl,Pokémon
Tartard,Poliwrath,Pokémon
Abra,Abra,Pokémon
Kadabra,Kadabra,Pokémon
Alakazam,Alakazam,Pokémon
Machoc,Machop,Pokémon
Machopeur,Machoke,Pokémon
Mackogneur,Machamp,Pokémon
Chétiflor,Bellsprout,Pokémon
Boustiflor,Weepinbell,Pokémon
Empiflor,Victreebel,Pokémon
Tentacool,Tentacool,Pokémon
Tentacruel,Tentacruel,Pokémon
Racaillou,Geodude,Pokémon
Gravalanch,Graveler,Pokémon
Grolem,Golem,Pokémon
Ponyta,Ponyta,Pokémon
Galopa,Rapidash,Pokémon
Ramoloss,Slowpoke,Pokémon
Flagadoss,Slowbro,Pokémon
Magnéti,Magnemite,Pokémon
Magnéton,Magneton,Pokémon
Canarticho,Farfetch'd,Pokémon
Doduo,Doduo,Pokémon
Dodrio,Dodrio,Pokémon
Otaria,Seel,Pokémon
Lamantine,Dewgong,Pokémon
Tadmorv,Grimer,Pokémon
Grotadmorv,Muk,Pokémon
Kokiyas,Shellder,Pokémon
Crustabri,Cloyster,Pokémon
Fantominus,Gastly,Pokémon
Spectrum,Haunter,Pokémon
Ectoplasma,Gengar,Pokémon
Onix,Onix,Pokémon
Soporifik,Drowzee,Pokémon
Hypnomade,Hypno,Pokémon
Krabby,Krabby,Pokémon
Krabboss,Kingler,Pokémon
Voltorbe,Voltorb,Pokémon
Électrode,Electrode,Pokémon
Noeunoeuf,Exeggcute,Pokémon
Noadkoko,Exeggutor,Pokémon
Osselait,Cubone,Pokémon
Ossatueur,Marowak,Pokémon
Kicklee,Hitmonlee,Pokémon
Tygnon,Hitmonchan,Pokémon
Excelangue,Lickitung,Pokémon
Smogo,Koffing,Pokémon
Smogogo,Weezing,Pokémon
Rhinocorne,Rhyhorn,Pokémon
Rhinoféros,Rhydon,Pokémon
Leveinard,Chansey,Pokémon
Saquedeneu,Tangela,Pokémon
Kangourex,Kangaskhan,Pokémon
Hypotrempe,Horsea,Pokémon
Hypocéan,Seadra,Pokémon
Poissirène,Goldeen,Pokémon
Poissoroy,Seaking,Pokémon
Stari,Staryu,Pokémon
Staross,Starmie,Pokémon
M. Mime,Mr. Mime,Pokémon
Insécateur,Scyther,Pokémon
Lippoutou,Jynx,Pokémon
Élektek,Electabuzz,Pokémon
Magmar,Magmar,Pokémon
Scarabrute,Pinsir,Pokémon
Tauros,Tauros,Pokémon
Magicarpe,Magikarp,Pokémon
Léviator,Gyarados,Pokémon
Lokhlass,Lapras,Pokémon
Métamorph,Ditto,Pokémon
Évoli,Eevee,Pokémon
Aquali,Vaporeon,Pokémon
Voltali,Jolteon,Pokémon
Pyroli,Flareon,Pokémon
Porygon,Porygon,Pokémon
Amonita,Omanyte,Pokémon
Amonistar,Omastar,Pokémon
Kabuto,Kabuto,Pokémon
Kabutops,Kabutops,Pokémon
Ptéra,Aerodactyl,Pokémon
Ronflex,Snorlax,Pokémon
Artikodin,Articuno,Pokémon
Électhor,Zapdos,Pokémon
Sulfura,Moltres,Pokémon
Minidraco,Dratini,Pokémon
Draco,Dragonair,Pokémon
Dracolosse,Dragonite,Pokémon
Mewtwo,Mewtwo,Pokémon
Mew,Mew,Pokémon
Germignon,Chikorita,Pokémon
Macronium,Bayleef,Pokémon
Méganium,Meganium,Pokémon
Héricendre,Cyndaquil,Pokémon
Feurisson,Quilava,Pokémon
Typhlosion,Typhlosion,Pokémon
Kaiminus,Totodile,Pokémon
Crocrodil,Croconaw,Pokémon
Aligatueur,Feraligatr,Pokémon
Fouinette,Sentret,Pokémon
Fouinar,Furret,Pokémon
Hoothoot,Hoothoot,Pokémon
Noarfang,Noctowl,Pokémon
Coxy,Ledyba,Pokémon
Coxyclaque,Ledian,Pokémon
Mimigal,Spinarak,Pokémon
Migalos,Ariados,Pokémon
Nostenfer,Crobat,Pokémon
Loupio,Chinchou,Pokémon
Lanturn,Lanturn,Pokémon
Pichu,Pichu,Pokémon
Mélo,Cleffa,Pokémon
Toudoudou,Igglybuff,Pokémon
Togepi,Togepi,Pokémon
Togetic,Togetic,Pokémon
Natu,Natu,Pokémon
Xatu,Xatu,Pokémon
Wattouat,Mareep,Pokémon
Lainergie,Flaaffy,Pokémon
Pharamp,Ampharos,Pokémon
Joliflor,Bellossom,Pokémon
Marill,Marill,Pokémon
Azumarill,Azumarill,Pokémon
Simularbre,Sudowoodo,Pokémon
Tarpaud,Politoed,Pokémon
Granivol,Hoppip,Pokémon
Floravol,Skiploom,Pokémon
Cotovol,Jumpluff,Pokémon
Capumain,Aipom,Pokémon
Tournegrin,Sunkern,Pokémon
Héliatronc,Sunflora,Pokémon
Yanma,Yanma,Pokémon
Axoloto,Wooper,Pokémon
Maraiste,Quagsire,Pokémon
Mentali,Espeon,Pokémon
Noctali,Umbreon,Pokémon
Cornèbre,Murkrow,Pokémon
Roigada,Slowking,Pokémon
Feuforêve,Misdreavus,Pokémon
Zarbi,Unown,Pokémon
Qulbutoké,Wobbuffet,Pokémon
Girafarig,Girafarig,Pokémon
Pomdepik,Pineco,Pokémon
Foretress,Forretress,Pokémon
Insolourdo,Dunsparce,Pokémon
Scorplane,Gligar,Pokémon
Steelix,Steelix,Pokémon
Snubbull,Snubbull,Pokémon
Granbull,Granbull,Pokémon
Qwilfish,Qwilfish,Pokémon
Cizayox,Scizor,Pokémon
Caratroc,Shuckle,Pokémon
Scarhino,Heracross,Pokémon
Farfuret,Sneasel,Pokémon
Teddiursa,Teddiursa,Pokémon
Ursaring,Ursaring,Pokémon
Limagma,Slugma,Pokémon
Volcaropod,Magcargo,Pokémon
Marcacrin,Swinub,Pokémon
Cochignon,Piloswine,Pokémon
Corayon,Corsola,Pokémon
Rémoraid,Remoraid,Pokémon
Octillery,Octillery,Pokémon
Cadoizo,Delibird,Pokémon
Démanta,Mantine,Pokémon
Airmure,Skarmory,Pokémon
Malosse,Houndour,Pokémon
Démolosse,Houndoom,Pokémon
Hyporoi,Kingdra,Pokémon
Phanpy,Phanpy,Pokémon
Donphan,Donphan,Pokémon
Porygon2,Porygon2,Pokémon
Cerfrousse,Stantler,Pokémon
Queulorior,Smeargle,Pokémon
Debugant,Tyrogue,Pokémon
Kapoera,Hitmontop,Pokémon
Lippouti,Smoochum,Pokémon
Élekid,Elekid,Pokémon
Magby,Magby,Pokémon
Écrémeuh,Miltank,Pokémon
Leuphorie,Blissey,Pokémon
Raikou,Raikou,Pokémon
Entei,Entei,Pokémon
Suicune,Suicune,Pokémon
Embrylex,Larvitar,Pokémon
Ymphect,Pupitar,Pokémon
Tyranocif,Tyranitar,Pokémon
Lugia,Lugia,Pokémon
Ho-Oh,Ho-Oh,Pokémon
Celebi,Celebi,Pokémon
Arcko,Treecko,Pokémon
Massko,Grovyle,Pokémon
Jungko,Sceptile,Pokémon
Poussifeu,Torchic,Pokémon
Galifeu,Combusken,Pokémon
Braségali,Blaziken,Pokémon
Gobou,Mudkip,Pokémon
Flobio,Marshtomp,Pokémon
Laggron,Swampert,Pokémon
Medhyèna,Poochyena,Pokémon
Grahyèna,Mightyena,Pokémon
Zigzaton,Zigzagoon,Pokémon
Linéon,Linoone,Pokémon
Chenipotte,Wurmple,Pokémon
Armulys,Silcoon,Pokémon
Charmillon,Beautifly,Pokémon
Blindalys,Cascoon,Pokémon
Papinox,Dustox,Pokémon
Nénupiot,Lotad,Pokémon
Lombre,Lombre,Pokémon
Ludicolo,Ludicolo,Pokémon
Grainipiot,Seedot,Pokémon
Pifeuil,Nuzleaf,Pokémon
Tengalice,Shiftry,Pokémon
Nirondelle,Taillow,Pokémon
Hélédelle,Swellow,Pokémon
Goélise,Wingull,Pokémon
Bekipan,Pelipper,Pokémon
Tarsal,Ralts,Pokémon
Kirlia,Kirlia,Pokémon
Gardevoir,Gardevoir,Pokémon
Arakdo,Surskit,Pokémon
Maskadra,Masquerain,Pokémon
Balignon,Shroomish,Pokémon
Chapignon,Breloom,Pokémon
Parecool,Slakoth,Pokémon
Vigoroth,Vigoroth,Pokémon
Monaflèmit,Slaking,Pokémon
Ningale,Nincada,Pokémon
Ninjask,Ninjask,Pokémon
Munja,Shedinja,Pokémon
Chuchmur,Whismur,Pokémon
Ramboum,Loudred,Pokémon
Brouhabam,Exploud,Pokémon
Makuhita,Makuhita,Pokémon
Hariyama,Hariyama,Pokémon
Azurill,Azurill,Pokémon
Tarinor,Nosepass,Pokémon
Skitty,Skitty,Pokémon
Delcatty,Delcatty,Pokémon
Ténéfix,Sableye,Pokémon
Mysdibule,Mawile,Pokémon
Galekid,Aron,Pokémon
Galegon,Lairon,Pokémon
Galeking,Aggron,Pokémon
Méditikka,Meditite,Pokémon
Charmina,Medicham,Pokémon
Dynavolt,Electrike,Pokémon
Élecsprint,Manectric,Pokémon
Posipi,Plusle,Pokémon
Négapi,Minun,Pokémon
Muciole,Volbeat,Pokémon
Lumivole,Illumise,Pokémon
Rosélia,Roselia,Pokémon
Gloupti,Gulpin,Pokémon
Avaltout,Swalot,Pokémon
Carvanha,Carvanha,Pokémon
Sharpedo,Sharpedo,Pokémon
Wailmer,Wailmer,Pokémon
Wailord,Wailord,Pokémon
Chamallot,Numel,Pokémon
Camérupt,Camerupt,Pokémon
Chartor,Torkoal,Pokémon
Spoink,Spoink,Pokémon
Groret,Grumpig,Pokémon
Spinda,Spinda,Pokémon
Kraknoix,Trapinch,Pokémon
Vibraninf,Vibrava,Pokémon
Libégon,Flygon,Pokémon
Cacnea,Cacnea,Pokémon
Cacturne,Cacturne,Pokémon
Tylton,Swablu,Pokémon
Altaria,Altaria,Pokémon
Mangriff,Zangoose,Pokémon
Séviper,Seviper,Pokémon
Séléroc,Lunatone,Pokémon
Solaroc,Solrock,Pokémon
Barloche,Barboach,Pokémon
Barbicha,Whiscash,Pokémon
Écrapince,Corphish,Pokémon
Colhomard,Crawdaunt,Pokémon
Balbuto,Baltoy,Pokémon
Kaorine,Claydol,Pokémon
Lilia,Lileep,Pokémon
Vacilys,Cradily,Pokémon
Anorith,Anorith,Pokémon
Armaldo,Armaldo,Pokémon
Barpau,Feebas,Pokémon
Milobellus,Milotic,Pokémon
Morphéo,Castform,Pokémon
Kecleon,Kecleon,Pokémon
Polichombr,Shuppet,Pokémon
Branette,Banette,Pokémon
Skelénox,Duskull,Pokémon
Téraclope,Dusclops,Pokémon
Tropius,Tropius,Pokémon
Éoko,Chimecho,Pokémon
Absol,Absol,Pokémon
Okéoké,Wynaut,Pokémon
Stalgamin,Snorunt,Pokémon
Oniglali,Glalie,Pokémon
Obalie,Spheal,Pokémon
Phogleur,Sealeo,Pokémon
Kaimorse,Walrein,Pokémon
Coquiperl,Clamperl,Pokémon
Serpang,Huntail,Pokémon
Rosabyss,Gorebyss,Pokémon
Relicanth,Relicanth,Pokémon
Lovdisc,Luvdisc,Pokémon
Draby,Bagon,Pokémon
Drackhaus,Shelgon,Pokémon
Drattak,Salamence,Pokémon
Terhal,Beldum,Pokémon
Métang,Metang,Pokémon
Métalosse,Metagross,Pokémon
Regirock,Regirock,Pokémon
Regice,Regice,Pokémon
Registeel,Registeel,Pokémon
Latias,Latias,Pokémon
Latios,Latios,Pokémon
Kyogre,Kyogre,Pokémon
Groudon,Groudon,Pokémon
Rayquaza,Rayquaza,Pokémon
Jirachi,Jirachi,Pokémon
Deoxys,Deoxys,Pokémon
Tortipouss,Turtwig,Pokémon
Boskara,Grotle,Pokémon
Torterra,Torterra,Pokémon
Ouisticram,Chimchar,Pokémon
Chimpenfeu,Monferno,Pokémon
Simiabraz,Infernape,Pokémon
Tiplouf,Piplup,Pokémon
Prinplouf,Prinplup,Pokémon
Pingoléon,Empoleon,Pokémon
Étourmi,Starly,Pokémon
Étourvol,Staravia,Pokémon
Étouraptor,Staraptor,Pokémon
Keunotor,Bidoof,Pokémon
Castorno,Bibarel,Pokémon
Crikzik,Kricketot,Pokémon
Mélokrik,Kricketune,Pokémon
Lixy,Shinx,Pokémon
Luxio,Luxio,Pokémon
Luxray,Luxray,Pokémon
Rozbouton,Budew,Pokémon
Roserade,Roserade,Pokémon
Kranidos,Cranidos,Pokémon
Charkos,Rampardos,Pokémon
Dinoclier,Shieldon,Pokémon
Bastiodon,Bastiodon,Pokémon
Cheniti,Burmy,Pokémon
Cheniselle,Wormadam,Pokémon
Papilord,Mothim,Pokémon
Apitrini,Combee,Pokémon
Apireine,Vespiquen,Pokémon
Pachirisu,Pachirisu,Pokémon
Mustébouée,Buizel,Pokémon
Mustéflott,Floatzel,Pokémon
Ceribou,Cherubi,Pokémon
Ceriflor,Cherrim,Pokémon
Sancoki,Shellos,Pokémon
Tritosor,Gastrodon,Pokémon
Capidextre,Ambipom,Pokémon
Baudrive,Drifloon,Pokémon
Grodrive,Drifblim,Pokémon
Laporeille,Buneary,Pokémon
Lockpin,Lopunny,Pokémon
Magirêve,Mismagius,Pokémon
Corboss,Honchkrow,Pokémon
Chaglam,Glameow,Pokémon
Chaffreux,Purugly,Pokémon
Korillon,Chingling,Pokémon
Moufouette,Stunky,Pokémon
Moufflair,Skuntank,Pokémon
Archéomire,Bronzor,Pokémon
Archéodong,Bronzong,Pokémon
Manzaï,Bonsly,Pokémon
Mime Jr.,Mime Jr.,Pokémon
Ptiravi,Happiny,Pokémon
Pijako,Chatot,Pokémon
Spiritomb,Spiritomb,Pokémon
Griknot,Gible,Pokémon
Carmache,Gabite,Pokémon
Carchacrok,Garchomp,Pokémon
Goinfrex,Munchlax,Pokémon
Riolu,Riolu,Pokémon
Lucario,Lucario,Pokémon
Hippopotas,Hippopotas,Pokémon
Hippodocus,Hippowdon,Pokémon
Rapion,Skorupi,Pokémon
Drascore,Drapion,Pokémon
Cradopaud,Croagunk,Pokémon
Coatox,Toxicroak,Pokémon
Vortente,Carnivine,Pokémon
Écayon,Finneon,Pokémon
Luminéon,Lumineon,Pokémon
Babimanta,Mantyke,Pokémon
Blizzi,Snover,Pokémon
Blizzaroi,Abomasnow,Pokémon
Dimoret,Weavile,Pokémon
Magnézone,Magnezone,Pokémon
Coudlangue,Lickilicky,Pokémon
Rhinastoc,Rhyperior,Pokémon
Bouldeneu,Tangrowth,Pokémon
Élekable,Electivire,Pokémon
Maganon,Magmortar,Pokémon
Togekiss,Togekiss,Pokémon
Yanméga,Yanmega,Pokémon
Phyllali,Leafeon,Pokémon
Givrali,Glaceon,Pokémon
Scorvol,Gliscor,Pokémon
Mammochon,Mamoswine,Pokémon
Porygon-Z,Porygon-Z,Pokémon
Gallame,Gallade,Pokémon
Tarinorme,Probopass,Pokémon
Noctunoir,Dusknoir,Pokémon
Momartik,Froslass,Pokémon
Motisma,Rotom,Pokémon
Créhelf,Uxie,Pokémon
Créfollet,Mesprit,Pokémon
Créfadet,Azelf,Pokémon
Dialga,Dialga,Pokémon
Palkia,Palkia,Pokémon
Heatran,Heatran,Pokémon
Regigigas,Regigigas,Pokémon
Giratina,Giratina,Pokémon
Cresselia,Cresselia,Pokémon
Phione,Phione,Pokémon
Manaphy,Manaphy,Pokémon
Darkrai,Darkrai,Pokémon
Shaymin,Shaymin,Pokémon
Arceus,Arceus,Pokémon
Victini,Victini,Pokémon
Vipélierre,Snivy,Pokémon
Lianaja,Servine,Pokémon
Majaspic,Serperior,Pokémon
Gruikui,Tepig,Pokémon
Grotichon,Pignite,Pokémon
Roitiflam,Emboar,Pokémon
Moustillon,Oshawott,Pokémon
Mateloutre,Dewott,Pokémon
Clamiral,Samurott,Pokémon
Ratentif,Patrat,Pokémon
Miradar,Watchog,Pokémon
Ponchiot,Lillipup,Pokémon
Ponchien,Herdier,Pokémon
Mastouffe,Stoutland,Pokémon
Chacripan,Purrloin,Pokémon
Léopardus,Liepard,Pokémon
Feuillajou,Pansage,Pokémon
Feuiloutan,Simisage,Pokémon
Flamajou,Pansear,Pokémon
Flamoutan,Simisear,Pokémon
Flotajou,Panpour,Pokémon
Flotoutan,Simipour,Pokémon
Munna,Munna,Pokémon
Mushana,Musharna,Pokémon
Poichigeon,Pidove,Pokémon
Colombeau,Tranquill,Pokémon
Déflaisan,Unfezant,Pokémon
Zébibron,Blitzle,Pokémon
Zéblitz,Zebstrika,Pokémon
Nodulithe,Roggenrola,Pokémon
Géolithe,Boldore,Pokémon
Gigalithe,Gigalith,Pokémon
Chovsourir,Woobat,Pokémon
Rhinolove,Swoobat,Pokémon
Rototaupe,Drilbur,Pokémon
Minotaupe,Excadrill,Pokémon
Nanméouïe,Audino,Pokémon
Charpenti,Timburr,Pokémon
Ouvrifier,Gurdurr,Pokémon
Bétochef,Conkeldurr,Pokémon
Tritonde,Tympole,Pokémon
Batracné,Palpitoad,Pokémon
Crapustule,Seismitoad,Pokémon
Judokrak,Throh,Pokémon
Karaclée,Sawk,Pokémon
Larveyette,Sewaddle,Pokémon
Couverdure,Swadloon,Pokémon
Manternel,Leavanny,Pokémon
Venipatte,Venipede,Pokémon
Scobolide,Whirlipede,Pokémon
Brutapode,Scolipede,Pokémon
Doudouvet,Cottonee,Pokémon
Farfaduvet,Whimsicott,Pokémon
Chlorobule,Petilil,Pokémon
Fragilady,Lilligant,Pokémon
Bargantua,Basculin,Pokémon
Mascaïman,Sandile,Pokémon
Escroco,Krokorok,Pokémon
Crocorible,Krookodile,Pokémon
Darumarond,Darumaka,Pokémon
Darumacho,Darmanitan,Pokémon
Maracachi,Maractus,Pokémon
Crabicoque,Dwebble,Pokémon
Crabaraque,Crustle,Pokémon
Baggiguane,Scraggy,Pokémon
Baggaïd,Scrafty,Pokémon
Cryptéro,Sigilyph,Pokémon
Tutafeh,Yamask,Pokémon
Tutankafer,Cofagrigus,Pokémon
Carapagos,Tirtouga,Pokémon
Mégapagos,Carracosta,Pokémon
Arkéapti,Archen,Pokémon
Aéroptéryx,Archeops,Pokémon
Miamiasme,Trubbish,Pokémon
Miasmax,Garbodor,Pokémon
Zorua,Zorua,Pokémon
Zoroark,Zoroark,Pokémon
Chinchidou,Minccino,Pokémon
Pashmilla,Cinccino,Pokémon
Scrutella,Gothita,Pokémon
Mesmérella,Gothorita,Pokémon
Sidérella,Gothitelle,Pokémon
Nucléos,Solosis,Pokémon
Méios,Duosion,Pokémon
Symbios,Reuniclus,Pokémon
Couaneton,Ducklett,Pokémon
Lakmécygne,Swanna,Pokémon
Sorbébé,Vanillite,Pokémon
Sorboul,Vanillish,Pokémon
Sorbouboul,Vanilluxe,Pokémon
Vivaldaim,Deerling,Pokémon
Haydaim,Sawsbuck,Pokémon
Emolga,Emolga,Pokémon
Carabing,Karrablast,Pokémon
Lançargot,Escavalier,Pokémon
Trompignon,Foongus,Pokémon
Gaulet,Amoonguss,Pokémon
Viskuse,Frillish,Pokémon
Moyade,Jellicent,Pokémon
Mamanbo,Alomomola,Pokémon
Statitik,Joltik,Pokémon
Mygavolt,Galvantula,Pokémon
Grindur,Ferroseed,Pokémon
Noacier,Ferrothorn,Pokémon
Tic,Klink,Pokémon
Clic,Klang,Pokémon
Cliticlic,Klinklang,Pokémon
Anchwatt,Tynamo,Pokémon
Lampéroie,Eelektrik,Pokémon
Ohmassacre,Eelektross,Pokémon
Lewsor,Elgyem,Pokémon
Neitram,Beheeyem,Pokémon
Funécire,Litwick,Pokémon
Mélancolux,Lampent,Pokémon
Lugulabre,Chandelure,Pokémon
Coupenotte,Axew,Pokémon
Incisache,Fraxure,Pokémon
Tranchodon,Haxorus,Pokémon
Polarhume,Cubchoo,Pokémon
Polagriffe,Beartic,Pokémon
Hexagel,Cryogonal,Pokémon
Escargaume,Shelmet,Pokémon
Limaspeed,Accelgor,Pokémon
Limonde,Stunfisk,Pokémon
Kungfouine,Mienfoo,Pokémon
Shaofouine,Mienshao,Pokémon
Drakkarmin,Druddigon,Pokémon
Gringolem,Golett,Pokémon
Golemastoc,Golurk,Pokémon
Scalpion,Pawniard,Pokémon
Scalproie,Bisharp,Pokémon
Frison,Bouffalant,Pokémon
Furaiglon,Rufflet,Pokémon
Gueriaigle,Braviary,Pokémon
Vostourno,Vullaby,Pokémon
Vaututrice,Mandibuzz,Pokémon
Aflamanoir,Heatmor,Pokémon
Fermite,Durant,Pokémon
Solochi,Deino,Pokémon
Diamat,Zweilous,Pokémon
Trioxhydre,Hydreigon,Pokémon
Pyronille,Larvesta,Pokémon
Pyrax,Volcarona,Pokémon
Cobaltium,Cobalion,Pokémon
Terrakium,Terrakion,Pokémon
Viridium,Virizion,Pokémon
Boréas,Tornadus,Pokémon
Fulguris,Thundurus,Pokémon
Reshiram,Reshiram,Pokémon
Zekrom,Zekrom,Pokémon
Démétéros,Landorus,Pokémon
Kyurem,Kyurem,Pokémon
Keldeo,Keldeo,Pokémon
Meloetta,Meloetta,Pokémon
Genesect,Genesect,Pokémon
Marisson,Chespin,Pokémon
Boguérisse,Quilladin,Pokémon
Blindépique,Chesnaught,Pokémon
Feunnec,Fennekin,Pokémon
Roussil,Braixen,Pokémon
Goupelin,Delphox,Pokémon
Grenousse,Froakie,Pokémon
Croâporal,Frogadier,Pokémon
Amphinobi,Greninja,Pokémon
Sapereau,Bunnelby,Pokémon
Excavarenne,Diggersby,Pokémon
Passerouge,Fletchling,Pokémon
Braisillon,Fletchinder,Pokémon
Flambusard,Talonflame,Pokémon
Lépidonille,Scatterbug,Pokémon
Pérégrain,Spewpa,Pokémon
Prismillon,Vivillon,Pokémon
Hélionceau,Litleo,Pokémon
Némélios,Pyroar,Pokémon
Flabébé,Flabébé,Pokémon
Floette,Floette,Pokémon
Florges,Florges,Pokémon
Cabriolaine,Skiddo,Pokémon
Chevroum,Gogoat,Pokémon
Pandespiègle,Pancham,Pokémon
Pandarbare,Pangoro,Pokémon
Couafarel,Furfrou,Pokémon
Psystigri,Espurr,Pokémon
Mistigrix,Meowstic,Pokémon
Monorpale,Honedge,Pokémon
Dimoclès,Doublade,Pokémon
Exagide,Aegislash,Pokémon
Fluvetin,Spritzee,Pokémon
Cocotine,Aromatisse,Pokémon
Sucroquin,Swirlix,Pokémon
Cupcanaille,Slurpuff,Pokémon
Sepiatop,Inkay,Pokémon
Sepiatroce,Malamar,Pokémon
Opermine,Binacle,Pokémon
Golgopathe,Barbaracle,Pokémon
Venalgue,Skrelp,Pokémon
Kravarech,Dragalge,Pokémon
Flingouste,Clauncher,Pokémon
Gamblast,Clawitzer,Pokémon
Galvaran,Helioptile,Pokémon
Iguolta,Heliolisk,Pokémon
Ptyranidur,Tyrunt,Pokémon
Rexillius,Tyrantrum,Pokémon
Amagara,Amaura,Pokémon
Dragmara,Aurorus,Pokémon
Nymphali,Sylveon,Pokémon
Brutalibré,Hawlucha,Pokémon
Dedenne,Dedenne,Pokémon
Strassie,Carbink,Pokémon
Mucuscule,Goomy,Pokémon
Colimucus,Sliggoo,Pokémon
Muplodocus,Goodra,Pokémon
Trousselin,Klefki,Pokémon
Brocélôme,Phantump,Pokémon
Desséliande,Trevenant,Pokémon
Pitrouille,Pumpkaboo,Pokémon
Banshitrouye,Gourgeist,Pokémon
Grelaçon,Bergmite,Pokémon
Séracrawl,Avalugg,Pokémon
Sonistrelle,Noibat,Pokémon
Bruyverne,Noivern,Pokémon
Xerneas,Xerneas,Pokémon
Yveltal,Yveltal,Pokémon
Zygarde,Zygarde,Pokémon
Diancie,Diancie,Pokémon
Hoopa,Hoopa,Pokémon
Volcanion,Volcanion,Pokémon
Brindibou,Rowlet,Pokémon
Efflèche,Dartrix,Pokémon
Archéduc,Decidueye,Pokémon
Flamiaou,Litten,Pokémon
Matoufeu,Torracat,Pokémon
Félinferno,Incineroar,Pokémon
Otaquin,Popplio,Pokémon
Otarlette,Brionne,Pokémon
Oratoria,Primarina,Pokémon
Picassaut,Pikipek,Pokémon
Piclairon,Trumbeak,Pokémon
Bazoucan,Toucannon,Pokémon
Manglouton,Yungoos,Pokémon
Argouste,Gumshoos,Pokémon
Larvibule,Grubbin,Pokémon
Chrysapile,Charjabug,Pokémon
Lucanon,Vikavolt,Pokémon
Crabagarre,Crabrawler,Pokémon
Crabominable,Crabominable,Pokémon
Plumeline,Oricorio,Pokémon
Bombydou,Cutiefly,Pokémon
Rubombelle,Ribombee,Pokémon
Rocabot,Rockruff,Pokémon
Lougaroc,Lycanroc,Pokémon
Froussardine,Wishiwashi,Pokémon
Vorastérie,Mareanie,Pokémon
Prédastérie,Toxapex,Pokémon
Tiboudet,Mudbray,Pokémon
Bourrinos,Mudsdale,Pokémon
Araqua,Dewpider,Pokémon
Tarenbulle,Araquanid,Pokémon
Mimantis,Fomantis,Pokémon
Floramantis,Lurantis,Pokémon
Spododo,Morelull,Pokémon
Lampignon,Shiinotic,Pokémon
Tritox,Salandit,Pokémon
Malamandre,Salazzle,Pokémon
Nounourson,Stufful,Pokémon
Chelours,Bewear,Pokémon
Croquine,Bounsweet,Pokémon
Candine,Steenee,Pokémon
Sucreine,Tsareena,Pokémon
Guérilande,Comfey,Pokémon
Gouroutan,Oranguru,Pokémon
Quartermac,Passimian,Pokémon
Sovkipou,Wimpod,Pokémon
Sarmuraï,Golisopod,Pokémon
Bacabouh,Sandygast,Pokémon
Trépassable,Palossand,Pokémon
Concombaffe,Pyukumuku,Pokémon
Type:0,Type: Null,Pokémon
Silvallié,Silvally,Pokémon
Météno,Minior,Pokémon
Dodoala,Komala,Pokémon
Boumata,Turtonator,Pokémon
Togedemaru,Togedemaru,Pokémon
Mimiqui,Mimikyu,Pokémon
Denticrisse,Bruxish,Pokémon
Draïeul,Drampa,Pokémon
Sinistrail,Dhelmise,Pokémon
Bébécaille,Jangmo-o,Pokémon
Écaïd,Hakamo-o,Pokémon
Ékaïser,Kommo-o,Pokémon
Tokorico,Tapu Koko,Pokémon
Tokopiyon,Tapu Lele,Pokémon
Tokotoro,Tapu Bulu,Pokémon
Tokopisco,Tapu Fini,Pokémon
Cosmog,Cosmog,Pokémon
Cosmovum,Cosmoem,Pokémon
Solgaleo,Solgaleo,Pokémon
Lunala,Lunala,Pokémon
Zéroïd,Nihilego,Pokémon
Mouscoto,Buzzwole,Pokémon
Cancrelove,Pheromosa,Pokémon
Câblifère,Xurkitree,Pokémon
Bamboiselle,Celesteela,Pokémon
Katagami,Kartana,Pokémon
Engloutyran,Guzzlord,Pokémon
Necrozma,Necrozma,Pokémon
Magearna,Magearna,Pokémon
Marshadow,Marshadow,Pokémon
Vémini,Poipole,Pokémon
Mandrillon,Naganadel,Pokémon
Ama-Ama,Stakataka,Pokémon
Pierroteknik,Blacephalon,Pokémon
Zeraora,Zeraora,Pokémon
Meltan,Meltan,Pokémon
Melmetal,Melmetal,Pokémon
Ouistempo,Grookey,Pokémon
Badabouin,Thwackey,Pokémon
Gorythmic,Rillaboom,Pokémon
Flambino,Scorbunny,Pokémon
Lapyro,Raboot,Pokémon
Pyrobut,Cinderace,Pokémon
Larméléon,Sobble,Pokémon
Arrozard,Drizzile,Pokémon
Lézargus,Inteleon,Pokémon
Rongourmand,Skwovet,Pokémon
Rongrigou,Greedent,Pokémon
Minisange,Rookidee,Pokémon
Bleuseille,Corvisquire,Pokémon
Corvaillus,Corviknight,Pokémon
Larvadar,Blipbug,Pokémon
Coléodôme,Dottler,Pokémon
Astronelle,Orbeetle,Pokémon
Goupilou,Nickit,Pokémon
Roublenard,Thievul,Pokémon
Tournicoton,Gossifleur,Pokémon
Blancoton,Eldegoss,Pokémon
Moumouton,Wooloo,Pokémon
Moumouflon,Dubwool,Pokémon
Khélocrok,Chewtle,Pokémon
Torgamord,Drednaw,Pokémon
Voltoutou,Yamper,Pokémon
Fulgudog,Boltund,Pokémon
Charbi,Rolycoly,Pokémon
Wagomine,Carkol,Pokémon
Monthracite,Coalossal,Pokémon
Verpom,Applin,Pokémon
Pomdrapi,Flapple,Pokémon
Dratatin,Appletun,Pokémon
Dunaja,Silicobra,Pokémon
Dunaconda,Sandaconda,Pokémon
Nigosier,Cramorant,Pokémon
Embrochet,Arrokuda,Pokémon
Hastacuda,Barraskewda,Pokémon
Toxizap,Toxel,Pokémon
Salarsen,Toxtricity,Pokémon
Grillepattes,Sizzlipede,Pokémon
Scolocendre,Centiskorch,Pokémon
Poulpaf,Clobbopus,Pokémon
Krakos,Grapploct,Pokémon
Théffroi,Sinistea,Pokémon
Polthégeist,Polteageist,Pokémon
Bibichut,Hatenna,Pokémon
Chapotus,Hattrem,Pokémon
Sorcilence,Hatterene,Pokémon
Grimalin,Impidimp,Pokémon
Fourbelin,Morgrem,Pokémon
Angoliath,Grimmsnarl,Pokémon
Ixon,Obstagoon,Pokémon
Berserkatt,Perrserker,Pokémon
Corayôme,Cursola,Pokémon
Palarticho,Sirfetch'd,Pokémon
M. Glaquette,Mr. Rime,Pokémon
Tutétékri,Runerigus,Pokémon
Crèmy,Milcery,Pokémon
Charmilly,Alcremie,Pokémon
Hexadron,Falinks,Pokémon
Wattapik,Pincurchin,Pokémon
Frissonille,Snom,Pokémon
Beldeneige,Frosmoth,Pokémon
Dolman,Stonjourner,Pokémon
Bekaglaçon,Eiscue,Pokémon
Wimessir,Indeedee,Pokémon
Morpeko,Morpeko,Pokémon
Charibari,Cufant,Pokémon
Pachyradjah,Copperajah,Pokémon
Galvagon,Dracozolt,Pokémon
Galvagla,Arctozolt,Pokémon
Hydragon,Dracovish,Pokémon
Hydragla,Arctovish,Pokémon
Duralugon,Duraludon,Pokémon
Fantyrm,Dreepy,Pokémon
Dispareptil,Drakloak,Pokémon
Lanssorien,Dragapult,Pokémon
Zacian,Zacian,Pokémon
Zamazenta,Zamazenta,Pokémon
Éthernatos,Eternatus,Pokémon
Wushours,Kubfu,Pokémon
Shifours,Urshifu,Pokémon
Zarude,Zarude,Pokémon
Regieleki,Regieleki,Pokémon
Regidrago,Regidrago,Pokémon
Blizzeval,Glastrier,Pokémon
Spectreval,Spectrier,Pokémon
Sylveroy,Calyrex,Pokémon
Cerbyllin,Wyrdeer,Pokémon
Hachécateur,Kleavor,Pokémon
Ursaking,Ursaluna,Pokémon
Paragruel,Basculegion,Pokémon
Farfurex,Sneasler,Pokémon
Qwilpik,Overqwil,Pokémon
Amovénus,Enamorus,Pokémon
Poussacha,Sprigatito,Pokémon
Matourgeon,Floragato,Pokémon
Miascarade,Meowscarada,Pokémon
Chochodile,Fuecoco,Pokémon
Crocogril,Crocalor,Pokémon
Flâmigator,Skeledirge,Pokémon
Coiffeton,Quaxly,Pokémon
Canarbello,Quaxwell,Pokémon
Palmaval,Quaquaval,Pokémon
Gourmelet,Lechonk,Pokémon
Fragroin,Oinkologne,Pokémon
Tissenboule,Tarountula,Pokémon
Filentrappe,Spidops,Pokémon
Lilliterelle,Nymble,Pokémon
Gambex,Lokix,Pokémon
Pohm,Pawmi,Pokémon
Pohmotte,Pawmo,Pokémon
Pohmarmotte,Pawmot,Pokémon
Compagnol,Tandemaus,Pokémon
Famignol,Maushold,Pokémon
Pâtachiot,Fidough,Pokémon
Briochien,Dachsbun,Pokémon
Olivini,Smoliv,Pokémon
Olivado,Dolliv,Pokémon
Arboliva,Arboliva,Pokémon
Tapatoès,Squawkabilly,Pokémon
Selutin,Nacli,Pokémon
Amassel,Naclstack,Pokémon
Gigansel,Garganacl,Pokémon
Charbambin,Charcadet,Pokémon
Carmadura,Armarouge,Pokémon
Malvalame,Ceruledge,Pokémon
Têtampoule,Tadbulb,Pokémon
Ampibidou,Bellibolt,Pokémon
Zapétrel,Wattrel,Pokémon
Fulgulairo,Kilowattrel,Pokémon
Grondogue,Maschiff,Pokémon
Dogrino,Mabosstiff,Pokémon
Gribouraigne,Shroodle,Pokémon
Tag-Tag,Grafaiai,Pokémon
Virovent,Bramblin,Pokémon
Virevorreur,Brambleghast,Pokémon
Terracool,Toedscool,Pokémon
Terracruel,Toedscruel,Pokémon
Craparoi,Klawf,Pokémon
Pimito,Capsakid,Pokémon
Scovilain,Scovillain,Pokémon
Léboulérou,Rellor,Pokémon
Bérasca,Rabsca,Pokémon
Flotillon,Flittle,Pokémon
Cléopsytra,Espathra,Pokémon
Forgerette,Tinkatink,Pokémon
Forgella,Tinkatuff,Pokémon
Forgelina,Tinkaton,Pokémon
Taupikeau,Wiglett,Pokémon
Triopikeau,Wugtrio,Pokémon
Lestombaile,Bombirdier,Pokémon
Dofin,Finizen,Pokémon
Superdofin,Palafin,Pokémon
Vrombi,Varoom,Pokémon
Vrombotor,Revavroom,Pokémon
Motorizard,Cyclizar,Pokémon
Ferdeter,Orthworm,Pokémon
Germéclat,Glimmet,Pokémon
Floréclat,Glimmora,Pokémon
Toutombe,Greavard,Pokémon
Tomberro,Houndstone,Pokémon
Flamenroule,Flamigo,Pokémon
Piétacé,Cetoddle,Pokémon
Balbalèze,Cetitan,Pokémon
Délestin,Veluza,Pokémon
Oyacata,Dondozo,Pokémon
Nigirigon,Tatsugiri,Pokémon
Courrousinge,Annihilape,Pokémon
Terraiste,Clodsire,Pokémon
Farigiraf,Farigiraf,Pokémon
Deusolourdo,Dudunsparce,Pokémon
Scalpereur,Kingambit,Pokémon
Fort-Ivoire,Great Tusk,Pokémon
Hurle-Queue,Scream Tail,Pokémon
Fongus-Furie,Brute Bonnet,Pokémon
Flotte-Mèche,Flutter Mane,Pokémon
Rampe-Ailes,Slither Wing,Pokémon
Pelage-Sablé,Sandy Shocks,Pokémon
Roue-de-Fer,Iron Treads,Pokémon
Hotte-de-Fer,Iron Bundle,Pokémon
Paume-de-Fer,Iron Hands,Pokémon
Têtes-de-Fer,Iron Jugulis,Pokémon
Mite-de-Fer,Iron Moth,Pokémon
Épine-de-Fer,Iron Thorns,Pokémon
Frigodo,Frigibax,Pokémon
Cryodo,Arctibax,Pokémon
Glaivodo,Baxcalibur,Pokémon
Mordudor,Gimmighoul,Pokémon
Gromago,Gholdengo,Pokémon
Chongjian,Wo-Chien,Pokémon
Baojian,Chien-Pao,Pokémon
Dinglu,Ting-Lu,Pokémon
Yuyu,Chi-Yu,Pokémon
Rugit-Lune,Roaring Moon,Pokémon
Garde-de-Fer,Iron Valiant,Pokémon
Koraidon,Koraidon,Pokémon
Miraidon,Miraidon,Pokémon
Serpente-Eau,Walking Wake,Pokémon
Vert-de-Fer,Iron Leaves,Pokémon
Pomdramour,Dipplin,Pokémon
Poltchageist,Poltchageist,Pokémon
Théffroyable,Sinistcha,Pokémon
Félicanis,Okidogi,Pokémon
Fortusimia,Munkidori,Pokémon
Favianos,Fezandipiti,Pokémon
Ogerpon,Ogerpon,Pokémon
Pondralugon,Archaludon,Pokémon
Pomdorochi,Hydrapple,Pokémon
Feu-Perçant,Gouging Fire,Pokémon
Ire-Foudre,Raging Bolt,Pokémon
Roc-de-Fer,Iron Boulder,Pokémon
Chef-de-Fer,Iron Crown,Pokémon
Terapagos,Terapagos,Pokémon
Pêchaminus,Pecharunt,Pokémon
Broussatif,Browt,Pokémon
Caloulou,Pombon,Pokémon
Ogéko,Gecqua,Pokémon
Pression,Pressure,Talent
Oeil Composé,Compound Eyes,Talent
Torrent,Torrent,Talent
Attention,Inner Focus,Talent
Suintement,Liquid Ooze,Talent
Glu,Sticky Hold,Talent
Regard Vif,Keen Eye,Talent
Fermeté,Sturdy,Talent
Baie Mepo,Leppa Berry,Object
Garde Magik,Magic Guard,Talent
Joli Sourire,Cute Charm,Talent
Infiltration,Infiltrator,Talent
Corps Ardent,Flame Body,Talent
Délestage,Unburden,Talent
Échauffement,Limber,Talent
Absorbe-Eau,Water Absorb,Talent
Chlorophylle,Chlorophyll,Talent
Peau Gelée,Refrigerate,Talent
Sable Volant,Sand Stream,Talent
Bajoues,Cheek Pouch,Talent
Cœur de Coq,Big Pecks,Talent
Farceur,Prankster,Talent
Fuite,Run Away,Talent
Voile Sable,Sand Veil,Talent
Coloforce,Huge Power,Talent
Ramassage,Pickup,Talent
Gloutonnerie,Gluttony,Talent
Statik,Static,Talent
Magnépiège,Magnet Pull,Talent
Rappel,Repel,Objet
Mue,Shed Skin,
Glissade,Swift Swim,
Corps Sain,Clear Body,
Tempo Perso,Own Tempo,
Point Poison,Poison Point,
Toison Épaisse,Fur Coat,
Cercle d'Énergie,Power Spot,
Médic Nature,Natural Cure,
Insomnia,Insomnia,
Paléosynthèse,Protosynthesis,
Âme Vagabonde,Wandering Spirit,
Peau Rigide,Rough Skin,Talent
Shiny Hunts En Cours,Ongoing Shiny Hunts,Site
Shiny Hunts En Pause,Shiny Hunts On Hold,Site
Cible,Target,Site
Commencé le,Started on,Site
Compté le,Counted on,Site
Shiny Hunter à Temps Partiel Depuis 2011,Part-Time Shiny Hunter Since 2011,Site
Avec une préférence pour la chasse sur anciennes générations.,With preferences for hunting on older generation games.,Site
Nombre de Shiny :,Current Shiny Count:,Site
Guides de Shiny Hunting Et Collection Personnelle de Shiny Et Projets de Shiny Hunting.,Pokémon Shiny Hunting Guides And Personal Shiny Collection And Shiny Hunting Projects.,Site
Pokémon Shiny,Shiny Pokémon,Site
Navigation,Navigation,Site
Précédent,Previous,Site
Suivant,Next,Site
Baron,Alpha,