number,pokemon,form
0277,Swellow
0371,Bagon
0397,Staravia
0343,Baltoy
0633
0495
0399
0498
0269
0276
0608
0359
0048
0501
0447
0316
0201,,int
0366
0130
0279
0410
0035
0278
0655
0677
0607
0684
0053
0131
0043
0278
0504
0577
0666,,meadow
0313
0698
0449
0702
0661
0707
0133
0694
0001
0298
0052
0513
0263
0157
0154
0257
0204
0160
0136
0066
0130
0609
0666,,marine
0004
0006
0336
0546
0129
0703
0080
0102
0652
0140
0025
0483
0504
0387
0019
0031
0265
0267
0415
0426
0190
0431
0406
0404
0676
0343
0023
0009
0019
0074
0446
0213
0906
0225
0915
0443
0874
0100
0447
0052
0922
0625
0133
0325
0951
0985
0725
0005
0926
0240
0562
0254
0092